0,5,6,7,8,9,10,11,12,13,14,15,16,17,18,19,20,21,22,23,24,25,26,27,28,29,30,31,32,33,34,35,36,37,38,39,40,41,42,43,44,45,46,47,48,49,50,51,52,53,54
Automated Meters,,44562.0,44593.0,44621.0,44652.0,44682.0,44713.0,44743.0,44774.0,44805.0,44835.0,44866.0,44896.0,44927.0,44958.0,44986.0,45017.0,45047.0,45078.0,45108.0,45139.0,45170.0,45200.0,45231.0,45261.0,45292.0,45323.0,45352.0,45383.0,45413.0,45444.0,45474.0,45505.0,45536.0,45566.0,45597,45627,45658,,,,,,,,,,,,
E811.TE.RANGIHIROA.CH6.1 ,,0.0,0.0,0.0,0.0,0.0,0.0,0.0,0.0,0.0,0.0,0.0,0.0,0.0,0.0,0.0,0.0,0.0,0.0,0.0,2.0,5.0,8.7,9.8,9.86,9.86,29.01000023,41.68000031,54.64999771,62.09,65.22000122,70.22999573,76.44999695,82.47000122,93.50999451,,,,,,,,,,,,,,,
E811.TE.RANGIHIROA.CH6.2 ,,0.0,0.0,0.0,0.0,0.0,0.0,0.0,0.0,0.0,0.0,0.0,0.0,0.0,0.0,0.0,0.0,0.0,0.0,0.0,0.4,3.0,5.8,8.8,24.7,54.0,61.72999954,61.75,61.75,61.76,61.77000046,61.7899971,61.7899971,61.80999756,61.81999969,,,,,,,,,,,,,,,
E811.TE.RANGIHIROA.LTHW.PMP0.3 Ground,,0.0,0.0,0.0,0.0,0.0,0.0,0.0,0.0,0.0,0.0,0.0,0.0,0.0,0.0,0.0,0.0,0.0,0.0,0.0,33.7,49.0,63.6,72.1,79.2,86.43,94.56999969,106.3600006,129.1999969,169.0,204.2599945,233.5500031,263.5,285.5899963,304.7200012,,,,,,,,,,,,,,,
E811.TE.RANGIHIROA.LTHW.PMP0.4  L1-6,,0.0,0.0,0.0,0.0,0.0,0.0,0.0,0.0,0.0,0.0,0.0,0.0,0.0,0.0,0.0,0.0,0.0,0.0,0.0,99.2,218.0,346.4,399.3,443.6,479.29,523.2099609,577.8599854,646.539978,756.32,861.7999878,968.4799805,1082.380005,1169.98999,1247.929932,,,,,,,,,,,,,,,
E811.TE.RANGIHIROA.MTHW HX0.1a,,0.0,0.0,0.0,0.0,0.0,0.0,0.0,0.0,0.0,0.0,0.0,0.0,0.0,0.0,0.0,0.0,0.0,0.0,0.0,118.8,190.0,283.9,333.6,359.4,377.29,395.6499939,421.5699768,460.0899963,526.52,610.4599609,647.9599609,727.289978,728.4899902,728.4899902,,,,,,,,,,,,,,,
E811.TE.RANGIHIROA.MTHW HX0.1b,,0.0,0.0,0.0,0.0,0.0,0.0,0.0,0.0,0.0,0.0,0.0,0.0,0.0,0.0,0.0,0.0,0.0,0.0,0.0,69.5,139.0,178.2,190.5,211.5,232.6,260.4299927,296.4700012,345.519989,427.45,483.2599792,580.289978,643.7600098,747.9599609,839.75,,,,,,,,,,,,,,,
E811.TE.RANGIHIROA.MTHW HX0.2 DHW,,0.0,0.0,0.0,0.0,0.0,0.0,0.0,0.0,0.0,0.0,0.0,0.0,0.0,0.0,0.0,0.0,0.0,0.0,0.0,23.4,38.0,56.5,61.3,62.7,70.93,99.65000153,139.3099976,185.3300018,234.23,278.2799988,325.1199951,383.7599792,435.0,489.0899963,,,,,,,,,,,,,,,
F603.ENERGY.MTR.ENERGY,PS,874360.0,874400.0,875117.0,877878.0,883462.0,894317.0,906951.0,917951.0,928719.0,939191.0,945896.0,947251.0,948205.0,948322.0,955658.0,974369.0,1001765.0,1006170.0,1006198.0,1014575.0,1050219.0,1076697.0,1101338.0,1113156.0,1126757.0,1147706.0,1160402.0,1166912.0,1178645.0,1189089.0,1204464.0,1212224.0,1218631.0,1227854.0,,,,,,,,,,,,,,,
F614.LTHW.HEAT_MTR.ENERGY,OBS,892.56,898.46,904.77,915.98,930.44,946.54,970.49,991.18,1007.17,1021.42,1026.5,1031.88,1034.25,1036.58,1043.44,1053.63,1068.34,1087.04,1109.25,1128.34,1144.45,1157.37,1167.08,1176.2,1176.2,1176.199951,1189.98999,1203.909912,1223.43,1241.51001,1262.319946,1277.449951,1289.25,1300.339966,,,,,,,,,,,,,,,
F622.ENERGY.AHU2C.CLG_kWh,,121880.0,123470.0,124270.0,124270.0,124340.0,124340.0,124370.0,124390.0,124400.0,124680.0,125780.0,126930.0,129530.0,133390.0,134860.0,134950.0,135200.0,135220.0,135220.0,135220.0,135680.0,136070.0,136190.0,137130.0,139580.0,142050.0,142150.0,142250.0,142250.0,142250.0,142250.0,142250.0,142380.0,142600.0,,,,,,,,,,,,,,,
F622.ENERGY.AHU2C.HTG_kWh,,3278658.0,3291767.0,3308236.0,3325767.0,3352993.0,3387291.0,3421001.0,3449536.0,3477113.0,3503472.0,3518666.0,3534559.0,3543345.0,3547209.0,3562335.0,3584711.0,3612508.0,3646637.0,3684990.0,3725182.0,3755166.0,3780345.0,3805333.0,3821006.0,3833192.0,3849234.0,3869169.0,3894995.0,3933184.0,3967352.0,4005029.0,4040486.0,4069066.0,4095535.0,,,,,,,,,,,,,,,
F622.ENERGY.ANIMAL_2C.kWh,,191348.0,193499.0,196089.0,198380.0,201549.0,205349.0,209692.0,213146.0,216685.0,219224.0,219875.0,220579.0,221605.0,222281.0,224038.0,226828.0,229867.0,233221.0,236805.0,240551.0,243525.0,246309.0,249160.0,251538.0,253562.0,255873.0,258242.0,261126.0,264723.0,268328.0,272167.0,275712.0,279335.0,284490.0,,,,,,,,,,,,,,,
F622.ENERGY.CAGE_WASH.kWh,,42555.0,42572.0,42580.0,42647.0,42882.0,43507.0,44281.0,44699.0,44994.0,45201.0,45210.0,45229.0,45229.0,45263.0,45290.0,45312.0,45370.0,45707.0,46215.0,46984.0,47087.0,47187.0,47232.0,47235.0,47235.0,47236.0,47300.0,47435.0,47992.0,48320.0,48897.0,49431.0,50051.0,50520.0,,,,,,,,,,,,,,,
F622.ENERGY.GODDARD.FROM_kWh,,421114.0,421114.0,421114.0,421114.0,421114.0,421114.0,421114.0,421114.0,421114.0,421114.0,421114.0,421114.0,425453.0,433893.0,435173.0,435177.0,435182.0,435456.0,435462.0,444000.0,451365.0,464239.0,489503.0,525602.0,562918.0,589061.0,589723.0,594654.0,599449.0,599728.0,602096.0,604740.0,607114.0,607235.0,,,,,,,,,,,,,,,
F622.ENERGY.GODDARD.TO_kWh,,1127171.0,1127533.0,1127677.0,1138495.0,1156940.0,1165584.0,1173401.0,1181430.0,1187853.0,1192410.0,1194015.0,1195865.0,1196543.0,1196545.0,1197555.0,1199087.0,1200345.0,1201899.0,1202221.0,1203435.0,1205067.0,1205752.0,1215265.0,1221427.0,1221607.0,1221985.0,1223758.0,1224777.0,1224800.0,1224800.0,1224802.0,1224803.0,1224803.0,1224803.0,,,,,,,,,,,,,,,
F622.ENERGY.SOLAR.kWh,WJB Solar,116132.0,117162.0,118553.0,119414.0,120134.0,120603.0,121086.0,121914.0,122774.0,123953.0,125009.0,126034.0,126892.0,128122.0,129164.0,130045.0,130692.0,131269.0,131787.0,132563.0,133397.0,134624.0,135683.0,136672.0,137797.0,138985.0,139855.0,140523.0,141091.0,141529.0,142061.0,142922.0,143831.0,144728.0,,,,,,,,,,,,,,,
F622.ENERGY.WOOD_BOILER.kWh,WJB,6135120.0,6167850.0,6212450.0,6219740.0,6262940.0,6337750.0,6411530.0,6482980.0,6546150.0,6603390.0,6642190.0,6679690.0,6702810.0,6703390.0,6745930.0,6799380.0,6864210.0,6942510.0,7029980.0,7114750.0,7178890.0,7223000.0,7263390.0,7275510.0,7275510.0,7292910.0,7342690.0,7396200.0,7476110.0,7553830.0,7640740.0,7720250.0,7784190.0,7849140.0,,,,,,,,,,,,,,,
F812.ENERGY.OWHEO_MTR.ENERGY,Owheo/ Bil Rob,6844400.0,6847700.0,6879400.0,6926400.0,7006200.0,7122700.0,7241000.0,7352400.0,7450100.0,7530800.0,7576400.0,7618100.0,7642000.0,7671700.0,7706100.0,7768400.0,7855600.0,7953500.0,8063300.0,8184200.0,8264400.0,8328200.0,8376900.0,8412500.0,8447900.0,8482300.0,8520700.0,8577600.0,8674300.0,8765200.0,8866700.0,8981200.0,9066700.0,9133000.0,,,,,,,,,,,,,,,
F813.MBUS.MTR.KWH,Robertson Lib,1898.8,1898.9,1900.8,1903.3,1922.0,1946.0,1985.0,2011.0,2030.0,2051.0,2061.0,2071.0,2081.0,2088.0,2095.0,2107.0,2120.0,2140.0,2182.0,2215.0,2225.0,2252.4,2263.4,2270.0,2276.0,2284.0,2292.0,2300.0,2310.0,2330.0,2350.0,2370.0,2406.0,2410.0,,,,,,,,,,,,,,,
F916.ENERGY.BLR_MTR.ENERGY,CoE ,14105200.0,14105200.0,14114800.0,14161900.0,14344000.0,14563300.0,14896900.0,15161700.0,15446000.0,15656700.0,15719000.0,15719000.0,15719000.0,15719000.0,15761900.0,15861200.0,16088300.0,16315900.0,16658700.0,16963700.0,17177500.0,17343200.0,17441300.0,17441300.0,17441300.0,17441300.0,17572600.0,17763000.0,18004800.0,18114000.0,18171900.0,18443300.0,18662100.0,18833700.0,,,,,,,,,,,,,,,
H538.ENERGY.BLR_MTR.ENERGY,Childcare,3363840.0,3389880.0,3432130.0,3475300.0,3537250.0,3612940.0,3692570.0,3757910.0,3815650.0,3864910.0,3908610.0,3946020.0,3971700.0,4002910.0,4057170.0,4116780.0,4183680.0,4261590.0,4333340.0,4407280.0,4458880.0,4517740.0,4576390.0,4615770.0,4644880.0,4679900.0,4722680.0,4780230.0,4862870.0,4938530.0,5009530.0,5080000.0,5150500.0,5221150.0,,,,,,,,,,,,,,,
H402 St David II Chilled Water Energy  (Desigo),,73.4,74.6,74.6,74.6,74.6,74.6,74.8,75.7,76.1,77.0,79.8,82.8,87.0,87.0,87.0,87.0,87.0,87.0,87.0,87.8,89.7,91.4,91.6,94.0,98.59,103.0,104.75,106.1100006,107.2,107.29,107.4199982,107.7699966,108.3799973,109.48,,,,,,,,,,,,,,,
H538.ENERGY.CSAFE_31_MONT.POWER,CSAFE,93430.0,98130.0,104190.0,111610.0,121970.0,134100.0,148240.0,161610.0,173110.0,183720.0,190010.0,194800.0,198330.0,202020.0,208300.0,215360.0,226870.0,241060.0,258290.0,275870.0,289500.0,299960.0,305100.0,308670.0,312220.0,316100.0,320200.0,325490.0,333240.0,342820.0,359820.0,376820.0,393820.0,410820.0,,,,,,,,,,,,,,,
H538.ENERGY.MONT_HEAT.ENERGY,Montgomery,0.0,0.0,0.0,0.0,0.0,0.0,3310.0,5690.0,7680.0,9270.0,9950.0,10500.0,10730.0,11070.0,12000.0,13300.0,15110.0,17200.0,19070.0,21100.0,22300.0,23800.0,24560.0,24830.0,25070.0,25870.0,27180.0,29000.0,31660.0,34410.0,36310.0,38000.0,39690.0,41450.0,,,,,,,,,,,,,,,
H634.ENERGY.MTR.ENERGY,Arana,7228900.0,7285700.0,7369100.0,7454200.0,7600900.0,7789000.0,8007700.0,8194200.0,8364400.0,8512200.0,8572400.0,8598900.0,8627300.0,8666600.0,8751300.0,8851000.0,8998300.0,9164400.0,9356000.0,9559700.0,9714600.0,9850500.0,9913600.0,9913600.0,9913600.0,9913600.0,9913600.0,9913600.0,9913600.0,9913600.0,9913600.0,9913600.0,9913600.0,9913600.0,,,,,,,,,,,,,,,
XI17 Invercargill Southland Learning Centre (Desigo),,0.0,0.0,0.0,0.0,0.0,0.0,0.0,0.0,0.0,0.0,0.0,0.0,157482.0,158075.0,160758.0,165418.0,172598.0,180199.0,188213.0,195213.0,199713.0,202713.0,204010.0,205170.0,205572.0,205860.0,209123.0,215438.0,221993.0,228480.0,234740.0,240318.0,244805.0,250247.0,,,,,,,,,,,,,,,
J141 Aquinas Priory solar (Desigo),,57138.0,58979.0,61126.0,62597.0,63432.0,63711.0,64112.0,65460.0,66861.0,68581.0,69673.0,70873.0,71451.0,71743.0,73181.0,74545.0,75286.0,75591.0,76072.0,76853.0,78268.0,79843.0,80647.0,80982.0,81664.0,82951.0,83963.0,84791.0,85253.0,85479.0,85759.0,86516.0,87112.0,87830.0,,,,,,,,,,,,,,,
Manually Read Meters,,44562.0,44593.0,44621.0,44652.0,44682.0,44713.0,44743.0,44774.0,44805.0,44835.0,44866.0,44896.0,44927.0,44958.0,44986.0,45017.0,45047.0,45078.0,45108.0,45139.0,45170.0,45200.0,45231.0,45261.0,45292.0,45323.0,45352.0,45383.0,45413.0,45444.0,45474.0,45505.0,45536.0,45566.0,45597,45627,45658,,,,,,,,,,,,
E308 Student Health,,42302.0,42498.0,42696.0,42974.0,43100.0,43280.0,43413.0,43413.0,43413.0,43413.0,43414.5,43414.5,43414.5,43414.5,43414.5,43414.5,43414.5,43414.5,43414.5,43414.5,43414.5,43414.5,43414.5,43414.5,43414.5,43414.5,43439.0,43448.0,44001.0,44016.0,44300.0,44782.0,45253.0,45765.0,,,,,,,,,,,,,,,
G501 Staff club solar,,,,,,,,,,,,,,,,,,,,,,,,,,,,25866.4,25881.0,25896.0,25911.0,25930.0,25963.0,25980.0,26040.8,,,,,,,,,,,,,,,
F718 Darwin,,183615.0,183625.0,183625.0,184516.0,186797.0,189597.0,193779.0,197454.0,200757.0,204401.0,206349.0,207746.0,207754.0,209426.0,211657.0,212627.0,213627.0,214627.0,216068.0,217120.0,218115.0,218996.0,219500.0,219900.0,220300.0,220700.0,221853.0,222155.8,222355.0,222555.0,222685.0,222825.5,222825.5,222916.0,,,,,,,,,,,,,,,
J122 Carrington boiler (IP 10.81.148.38) (in MWh),,157.0,,,,,,,,,,894.0,894.0,894.0,900.0,909.43,915.0,935.0,966.0,1000.0,1030.0,1050.4,1068.35,1072.29,1072.29,1072.29,1077.26,1090.86,1116.24,1139.85,1165.85,1191.85,1217.85,1256.63,1261.66,1261.66,,,,,,,,,,,,,,
K430 Caroline Freeman College East (Abbey) solar energy (emailed),,101852.0,102352.0,103284.0,103669.0,103800.0,103898.0,103926.0,104079.0,104264.0,104339.2,104447.8,104500.0,104596.1,104670.0,104710.0,105313.8,105450.0,105481.5,105529.8,105679.8,105994.9,106354.9,106735.5,107115.2,107514.0,107732.5,108186.6,108303.8,108420.4,108450.0,108550.1,108684.6,108727.0,108806.3,,,,,,,,,,,,,,,
XI01 Invercargill Boiler (IP 10.85.4.21),,578180.0,583180.0,586180.0,589180.0,591970.0,600300.0,614490.0,629680.0,641680.0,649340.0,649340.0,649340.0,649340.0,649340.0,650940.0,654280.0,665300.0,683310.0,702040.0,722100.0,737570.0,741890.0,741890.0,741890.0,741890.0,741890.0,741890.0,741890.0,741890.0,741890.0,741890.0,741890.0,741890.0,741900.0,741910,,,,,,,,,,,,,,
LTHW Consumption Values,,44562.0,44593.0,44621.0,44652.0,44682.0,44713.0,44743.0,44774.0,44805.0,44835.0,44866.0,44896.0,44927.0,44958.0,44986.0,45017.0,45047.0,45078.0,45108.0,45139.0,45170.0,45200.0,45231.0,45261.0,45292.0,45323.0,45352.0,45383.0,45413.0,45444.0,45474.0,45505.0,45536.0,45566.0,45597,45627,45658,,,,,,,,,,,,
 Total Wood Energy - DN,,73770.0,121570.0,189279.99999999994,188230.00000000006,453950.0,588900.0,739710.0,618090.0,595810.0000000001,482949.9999999998,208940.00000000006,101410.0,77200.0,77090.0,233829.99999999994,317630.00000000006,526130.0,580910.0,727620.0,697410.0,504840.0000000001,422519.9999999998,264180.00000000006,51500.0,29110.0,52424.97,223873.6,301485.38,404373.61,262606.0,215836.0,421406.0,353278.78,307205.03, , , ,,,,,,,,,,,,
Total Solar Energy - DN,1,1.0,3567.0,4668.0,2995.0,1812.0,1026.0,1045.0,2329.0,2446.0,2974.199999999997,2258.100000000006,2277.199999999997,1532.1000000000058,1595.8999999999942,2520.0,2848.800000000003,1524.199999999997,913.5,1047.300000000003,1707.0,2564.0999999999913,3162.0,2243.600000000006,1703.699999999997,2205.800000000003,2693.5,2360.600000000006,1622.199999999997,1699.5999999999913,708.6000000000058,1196.1000000000058,2234.5,2018.3999999999942,2206.300000000003, , ,,,,,,,,,,,,,
E308 Student Health,1,0.0,196.0,198.0,278.0,126.0,180.0,133.0,0.0,0.0,0.0,1.5,0.0,0.0,0.0,0.0,0.0,0.0,0.0,0.0,0.0,0.0,0.0,0.0,0.0,0.0,0.0,24.5,9.0,553.0,15.0,284.0,482.0,471.0,512.0, , , ,,,,,,,,,,,,
E811.TE.RANGIHIROA.MTHW HX0.1a,1000,0.0,0.0,0.0,0.0,0.0,0.0,0.0,0.0,0.0,0.0,0.0,0.0,0.0,0.0,0.0,0.0,0.0,0.0,0.0,118800.0,71200.0,93899.99999999997,49700.000000000044,25799.999999999956,17890.000000000044,18359.993900000005,25919.98289999998,38520.01949999999,66430.00369999999,83939.96090000008,37500.0,79330.01709999997,1200.0121999999465,0.0, , , ,,,,,,,,,,,,
E811.TE.RANGIHIROA.MTHW HX0.1b,1000,0.0,0.0,0.0,0.0,0.0,0.0,0.0,0.0,0.0,0.0,0.0,0.0,0.0,0.0,0.0,0.0,0.0,0.0,0.0,69500.0,69500.0,39199.999999999985,12300.000000000011,21000.0,21099.999999999993,27829.99270000002,36040.008499999996,49049.987799999995,81930.01099999998,55809.97919999999,97029.99880000004,63470.03180000001,104199.95110000002,91.79003909999994, , , ,,,,,,,,,,,,
E811.TE.RANGIHIROA.MTHW HX0.2 DHW,1000,,0.0,0.0,0.0,0.0,0.0,0.0,0.0,0.0,0.0,0.0,0.0,0.0,0.0,0.0,0.0,0.0,0.0,0.0,23400.0,14600.000000000002,18500.0,4799.999999999997,1400.0000000000057,8230.000000000004,28720.00152999999,39659.99607000001,46020.00419999999,48899.9982,44049.998799999994,46839.9963,58639.984099999994,51240.02080000003,54.089996299999996, , , ,,,,,,,,,,,,
E811.TE.RANGIHIROA.LTHW Ground,1000,0.0,0.0,0.0,0.0,0.0,0.0,0.0,0.0,0.0,0.0,0.0,0.0,0.0,0.0,0.0,0.0,0.0,0.0,0.0,33700.0,15299.999999999996,14600.000000000002,8499.999999999993,7100.000000000008,7230.000000000004,8139.999689999996,11790.000910000002,22839.996299999995,39800.003099999994,35259.99450000001,29290.008599999994,29949.996900000002,22089.996299999995,19.130004900000017, , , ,,,,,,,,,,,,
E811.TE.RANGIHIROA.LTHW  L1-6,1000,,0.0,0.0,0.0,0.0,0.0,0.0,0.0,0.0,0.0,0.0,0.0,0.0,0.0,0.0,0.0,0.0,0.0,0.0,99200.0,118800.0,128399.99999999997,52900.00000000004,44300.000000000015,35690.0,43919.960900000035,54650.02449999997,68679.9926,109780.02200000003,105479.9878,106679.99269999996,113900.02449999997,87609.98500000004,77.93994199999997, , , ,,,,,,,,,,,,
E811 Te Rangihiroa Chiller 1,1000,,0.0,0.0,0.0,0.0,0.0,0.0,0.0,0.0,0.0,0.0,0.0,0.0,0.0,0.0,0.0,0.0,0.0,0.0,2000.0,3000.0,3699.999999999999,1100.0000000000014,59.99999999999872,0.0,19150.00023,12670.000079999998,12969.997400000004,7440.002290000002,3130.001219999997,5009.994509999999,6220.00122,6020.004270000001,11.039993289999998, , , ,,,,,,,,,,,,
E811 Te Rangihiroa Chiller 2,1000,,0.0,0.0,0.0,0.0,0.0,0.0,0.0,0.0,0.0,0.0,0.0,0.0,0.0,0.0,0.0,0.0,0.0,0.0,400.0,2600.0,2800.0,3000.000000000001,15899.999999999998,29300.0,7729.999540000002,20.000459999998554,0.0,9.99999999999801,10.000460000000544,19.99664000000223,0.0,20.000459999998554,0.010002130000003717, , , ,,,,,,,,,,,,
F603 Property Services wood chip boiler (10.3.161.234),1,0.0,40.0,717.0,2761.0,5584.0,10855.0,12634.0,11000.0,10768.0,10472.0,6705.0,1355.0,954.0,117.0,7336.0,18711.0,27396.0,4405.0,28.0,8377.0,35644.0,26478.0,24641.0,11818.0,13601.0,20949.0,12696.0,6510.0,11733.0,10444.0,15375.0,7760.0,6407.0,9223.0, , , ,,,,,,,,,,,,
F614 School of Business BMS,1000,3769.999999999982,5900.000000000091,6309.999999999945,11210.000000000036,14460.000000000036,16099.999999999909,23950.000000000044,20689.99999999994,15990.00000000001,14250.0,5080.000000000041,5380.000000000109,2369.999999999891,2329.9999999999272,6860.000000000127,10190.000000000055,14709.999999999809,18700.000000000044,22210.000000000036,19089.99999999992,16110.000000000127,12919.999999999845,9710.000000000036,9120.000000000118,0.0,-0.04899999998997373,13790.038999999979,13919.922000000042,19520.08799999999,18080.0099999999,20809.936000000107,15130.004999999983,11800.048999999944,11089.966000000004, , , ,,,,,,,,,,,,
F622 Psychology wood boiler (IP 10.81.146.160),1,22880.0,32730.0,44600.0,7290.0,43200.0,74810.0,73780.0,71450.0,63170.0,57240.0,38800.0,37500.0,23120.0,580.0,42540.0,53450.0,64830.0,78300.0,87470.0,84770.0,64140.0,44110.0,40390.0,12120.0,0.0,17400.0,49780.0,53510.0,79910.0,77720.0,86910.0,79510.0,63940.0,64950.0, , , ,,,,,,,,,,,,
F622 Psychology solar energy (IP 10.81.146.160),1,1245.0,1030.0,1391.0,861.0,720.0,469.0,483.0,828.0,860.0,1179.0,1056.0,1025.0,858.0,1230.0,1042.0,881.0,647.0,577.0,518.0,776.0,834.0,1227.0,1059.0,989.0,1125.0,1188.0,870.0,668.0,568.0,438.0,532.0,861.0,909.0,897.0, , , ,,,,,,,,,,,,
F620 Psychology to buffer vessel Goddard (IP 10.81.146.160),1,4307.0,362.0,144.0,10818.0,18445.0,8644.0,7817.0,8029.0,6423.0,4557.0,1605.0,1850.0,678.0,2.0,1010.0,1532.0,1258.0,1554.0,322.0,1214.0,1632.0,685.0,9513.0,6162.0,180.0,378.0,1773.0,1019.0,23.0,0.0,2.0,1.0,0.0,0.0, , , ,,,,,,,,,,,,
F620 Psychology from buffer vessel Goddard (IP 10.81.146.160),1,0.0,0.0,0.0,0.0,0.0,0.0,0.0,0.0,0.0,0.0,0.0,0.0,4339.0,8440.0,1280.0,4.0,5.0,274.0,6.0,8538.0,7365.0,12874.0,25264.0,36099.0,37316.0,26143.0,662.0,4931.0,4795.0,279.0,2368.0,2644.0,2374.0,121.0, , , ,,,,,,,,,,,,
F620 Psychology 2c Animal rooms 1st floor(IP 10.81.146.160),1,0.0,2151.0,2590.0,2291.0,3169.0,3800.0,4343.0,3454.0,3539.0,2539.0,651.0,704.0,1026.0,676.0,1757.0,2790.0,3039.0,3354.0,3584.0,3746.0,2974.0,2784.0,2851.0,2378.0,2024.0,2311.0,2369.0,2884.0,3597.0,3605.0,3839.0,3545.0,3623.0,5155.0, , , ,,,,,,,,,,,,
F620 Psychology 2c Cage wash (IP 10.81.146.160),1,8.0,17.0,8.0,67.0,235.0,625.0,774.0,418.0,295.0,207.0,9.0,19.0,0.0,34.0,27.0,22.0,58.0,337.0,508.0,769.0,103.0,100.0,45.0,3.0,0.0,1.0,64.0,135.0,557.0,328.0,577.0,534.0,620.0,469.0, , , ,,,,,,,,,,,,
F620 Psychology 2c main AHU heating coil (IP 10.81.146.160),1,11734.0,13109.0,16469.0,17531.0,27226.0,34298.0,33710.0,28535.0,27577.0,26359.0,15194.0,15893.0,8786.0,3864.0,15126.0,22376.0,27797.0,34129.0,38353.0,40192.0,29984.0,25179.0,24988.0,15673.0,12186.0,16042.0,19935.0,25826.0,38189.0,34168.0,37677.0,35457.0,28580.0,26469.0, , , ,,,,,,,,,,,,
F620 Psychology 2c main AHU cooling coil (IP 10.81.146.160),1,1650.0,1590.0,800.0,0.0,70.0,0.0,30.0,20.0,10.0,280.0,1100.0,1150.0,2600.0,3860.0,1470.0,90.0,250.0,20.0,0.0,0.0,460.0,390.0,120.0,940.0,2450.0,2470.0,100.0,100.0,0.0,0.0,0.0,0.0,130.0,220.0, , , ,,,,,,,,,,,,
F718 Darwin,1,189.0,10.0,0.0,891.0,2281.0,2800.0,4182.0,3675.0,3303.0,3644.0,1948.0,1397.0,8.0,1672.0,2231.0,970.0,1000.0,1000.0,1441.0,1052.0,995.0,881.0,504.0,400.0,400.0,400.0,1153.0,302.79999999998836,199.20000000001164,200.0,130.0,140.5,0.0,90.5, , , ,,,,,,,,,,,,
F812 Owheo and Robertson combined (10.81.147.145),1,2100.0,2900.0,31700.0,47000.0,79800.0,116500.0,118300.0,111400.0,97700.0,80700.0,45600.0,41700.0,23900.0,29700.0,34400.0,62300.0,87200.0,97900.0,109800.0,120900.0,80200.0,63800.0,48700.0,35600.0,35400.0,34400.0,38400.0,56900.0,96700.0,90900.0,101500.0,114500.0,85500.0,66300.0, , , ,,,,,,,,,,,,
F813 Robertson Library,1,799.9999999999545,100.00000000013642,1899.9999999998636,2500.0,18700.000000000044,24000.0,39000.0,26000.0,19000.0,21000.0,10000.0,10000.0,10000.0,7000.0,7000.0,12000.0,13000.0,20000.0,42000.0,33000.0,10000.0,27400.00000000009,11000.0,6599.999999999909,6000.0,8000.0,8000.0,8000.0,10000.0,20000.0,20000.0,20000.0,36000.0,4000.0, , , ,,,,,,,,,,,,
F916 College of Education wood (invoiced),1,,,,,,110.17,,,,,,,,,,,,,,,,,,,,,,,,,,,,,,,,,,,,,,,,,,,
F916 College of Education wood boiler (10.81.147.145),1000,0.0,0.0,9600.0,47100.0,182100.0,219300.0,333600.0,264800.0,284300.0,210700.0,62300.0,0.0,0.0,0.0,42900.0,99300.0,227100.0,227600.0,342800.0,305000.0,213800.0,165700.0,98100.0,0.0,0.0,0.0,131300.0,190400.0,241800.0,109200.0,57900.0,271400.0,218800.0,171600.0, , , ,,,,,,,,,,,,
F916 College of Education gas Boiler,1,38753.8307,2981.0638999999996,88360.0738,117534.30589999999,9981.5398,67894.5677,74426.1122,18522.7903,0.0,12393.186999999998,46189.7429,123194.97779999998,66319.837623,55159.1079156,54209.2585788,106281.3,22491.0753678,91851.0,36294.0,51686.0,780.0,11980.0,2239.0,109448.0,109448.0,135985.0,105993.0,67745.0,104506.0,8165.0,68765.0,314414.0,613.0,2239.0,2837,,,,,,,,,,,,,,
F916 College of Education Gas & Wood,1,38753.8307,2981.0638999999996,97960.0738,164634.30589999998,192081.5398,287194.5677,408026.1122,283322.7903,284300.0,223093.187,108489.7429,123194.97779999998,66319.837623,55159.1079156,97109.2585788,205581.3,249591.0753678,319451.0,379094.0,356686.0,214580.0,177680.0,100339.0,109448.0,109448.0,135985.0,237293.0,258145.0,346306.0,117365.0,126665.0,585814.0,219413.0,173839.0,, , ,,,,,,,,,,,,
F916 College of Education other buildings,1,36653.8307,81.06389999999965,66260.0738,117634.30589999998,112281.5398,170694.5677,289726.1122,171922.7903,186600.0,142393.187,62889.7429,81494.97779999998,42419.837623,25459.107915599998,62709.2585788,143281.3,162391.0753678,221551.0,269294.0,235786.0,134380.0,113880.0,51639.0,73848.0,74048.0,101585.0,198893.0,201245.0,249606.0,26465.0,25165.0,471314.0,133913.0,107539.0, , , ,,,,,,,,,,,,
H402 St David II Chilled Water Energy  (Desigo),1000,5300.000000000011,1199.9999999999886,0.0,0.0,0.0,0.0,200.00000000000284,900.0000000000057,399.9999999999915,900.0000000000057,2799.9999999999973,3000.0,4200.000000000003,0.0,0.0,0.0,0.0,0.0,0.0,799.9999999999972,1900.0000000000057,1700.0000000000027,199.99999999998863,2400.0000000000055,4590.000000000004,4409.999999999996,1750.0,1360.0006000000064,1089.9993999999965,90.00000000000341,129.99819999998863,349.99840000000404,610.0007000000005,1100.0027000000046, , , ,,,,,,,,,,,,
H538 Childcare boiler (IP 10.81.149.14),1,25790.0,26040.0,42250.0,43170.0,61950.0,75690.0,79630.0,65340.0,57740.0,49260.0,43700.0,37410.0,25680.0,31210.0,54260.0,59610.0,66900.0,77910.0,71750.0,73940.0,51600.0,58860.0,58650.0,39380.0,29110.0,35020.0,42780.0,57550.0,82640.0,75660.0,71000.0,70470.0,70500.0,70650.0, , , ,,,,,,,,,,,,
H538 Childcare Heat energy usage,1,22070.0,21340.0,36190.0,35750.0,51590.0,63560.0,62180.0,49590.0,44250.0,37060.0,36730.0,32070.0,21920.0,27180.0,47050.0,51250.0,53580.0,61630.0,52650.0,54330.0,36770.0,46900.0,52750.0,35540.0,25320.0,30340.0,37370.0,50440.0,72230.0,63330.0,2651.0,51780.0,51810.0,51890.0, , , ,,,,,,,,,,,,
H538 Percentage of total Boiler house Heat,1,0.8557580457541683,0.8195084485407066,0.8565680473372781,0.8281213805883716,0.8327683615819209,0.839741049015722,0.780861484365189,0.7589531680440771,0.7663664703844821,0.7523345513601299,0.8405034324942792,0.8572574178027266,0.8535825545171339,0.8708747196411407,0.867121267969038,0.859755074651904,0.8008968609865471,0.7910409446797587,0.7337979094076655,0.73478496077901,0.7125968992248062,0.7968059802922188,0.8994032395566922,0.9024885728796344,0.8698041909996564,0.8663620788121074,0.8735390369331464,0.8764552562988706,0.8740319457889641,0.8370340999206979,0.03733802816901408,0.7347807577692635,0.7348936170212766,0.7344656758669498, , , ,,,,,,,,,,,,
H538 CSAFE ,1,3720.0,4700.0,6060.0,7420.0,10360.0,12130.0,14140.0,13370.0,11500.0,10610.0,6290.0,4790.0,3530.0,3690.0,6280.0,7060.0,11510.0,14190.0,17230.0,17580.0,13630.0,10460.0,5140.0,3570.0,3550.0,3880.0,4100.0,5290.0,7750.0,9580.0,17000.0,17000.0,17000.0,17000.0, , , ,,,,,,,,,,,,
H538 31 Montgomery Ave ,1,0.0,0.0,0.0,0.0,0.0,0.0,3310.0,2380.0,1990.0,1590.0,680.0,550.0,230.0,340.0,930.0,1300.0,1810.0,2090.0,1870.0,2030.0,1200.0,1500.0,760.0,270.0,240.0,800.0,1310.0,1820.0,2660.0,2750.0,51349.0,1690.0,1690.0,1760.0, , , , , , , , , , , , , , , 
H633 Arana Boiler (IP 10.81.148.22),1,25100.0,56800.0,83400.0,85100.0,146700.0,188100.0,218700.0,186500.0,170200.0,147800.0,60200.0,26500.0,28400.0,39300.0,84700.0,99700.0,147300.0,166100.0,191600.0,203700.0,154900.0,135900.0,63100.0,0.0,0.0,0.0,0.0,0.0,0.0,0.0,0.0,0.0,0.0,0.0, , , , ,,,,,,,,,,,
J141 Aquinas Priory solar (Desigo),1,0.0,1841.0,2147.0,1471.0,835.0,279.0,401.0,1348.0,1401.0,1720.0,1092.0,1200.0,578.0,292.0,1438.0,1364.0,741.0,305.0,481.0,781.0,1415.0,1575.0,804.0,335.0,682.0,1287.0,1012.0,828.0,462.0,226.0,280.0,757.0,596.0,718.0, , , ,,,,,,,,,,,,
J122 Carrington Jenkins boiler ,1000,0.0,6000.0,9429.999999999949,5570.00000000005,20000.0,31000.0,34000.0,30000.0,20400.00000000009,17949.999999999818,3940.0000000000546,0.0,0.0,6000.0,9429.999999999949,5570.00000000005,20000.0,31000.0,34000.0,30000.0,20400.00000000009,17949.999999999818,3940.0000000000546,0.0,0.0,4.970000000000027,13.599999999999909,25.38000000000011,23.6099999999999,26.0,26.0,26.0,38.7800000000002,5.029999999999973,0, , ,,,,,,,,,,,,
K430 Caroline Freeman College East (Abbey) solar energy,1,588.0,500.0,932.0,385.0,131.0,98.0,28.0,153.0,185.0,75.19999999999709,108.60000000000582,52.19999999999709,96.10000000000582,73.89999999999418,40.0,603.8000000000029,136.1999999999971,31.5,48.30000000000291,150.0,315.09999999999127,360.0,380.6000000000058,379.6999999999971,398.8000000000029,218.5,454.1000000000058,117.19999999999709,116.59999999999127,29.60000000000582,100.10000000000582,134.5,42.39999999999418,79.30000000000291, , , ,,,,,,,,,,,,
XI01 Invercargill Boiler (IP 10.85.4.21),1,,5000.0,3000.0,3000.0,2790.0,8330.0,14190.0,15190.0,12000.0,7660.0,0.0,0.0,0.0,0.0,1600.0,3340.0,11020.0,18010.0,18730.0,20060.0,15470.0,4320.0,0.0,0.0,0.0,0.0,0.0,0.0,0.0,0.0,0.0,0.0,0.0,10.0,10, , ,,,,,,,,,,,,
XI17 Invercargill Southland Learning Centre (Desigo),,,0.0,0.0,0.0,0.0,0.0,0.0,0.0,0.0,0.0,0.0,0.0,0.0,593.0,2683.0,4660.0,7180.0,7601.0,8014.0,7000.0,4500.0,3000.0,1297.0,1160.0,402.0,288.0,3263.0,6315.0,6555.0,6487.0,6260.0,5578.0,4487.0,5442.0, , ,,,,,,,,,,,,,
