Meter_location,Jan_2022,Feb_2022,Mar_2022,Apr_2022,May_2022,Jun_2022,Jul_2022,Aug_2022,Sep_2022,Oct_2022,Nov_2022,Dec_2022,Jan_2023,Feb_2023,Mar_2023,Apr_2023,May_2023,Jun_2023,Jul_2023,Aug_2023,Sep_2023,Oct_2023,Nov_2023,Dec_2023,Jan_2024,Feb_2024,Mar_2024,Apr_2024,May_2024,Jun_2024,Jul_2024,Aug_2024,Sep_2024,Oct_2024,Nov_2024,Dec_2024
 H402 St David II DB G:,3606.8,3349.28,1.0,1.0,1979.0,3502.0,3640.0,3534.0,3354.0,3598.38,3572.04,3561.76,3606.8,3349.28,3661.29,3602.26,3725.27,3551.44,3450.73,3536.92,3259.1,3377.14,3329.76,3294.86,3579.94,3273.88,3463.2,3418.05,3589.35,3400.14,3544.98,3657.54,3435.73,3651.2,0.0,0.0
F813 Bill Robertson Library 1 MSB:,23896.0,41009.0,45788.83,55406.17,45911.0,42061.0,23995.0,40635.0,42556.85,30000.0,25056.78,28787.15,29568.1,35017.51,40530.64,36706.53,43112.02,40615.52,35981.25,42779.2,39511.27,41467.78,35617.89,26966.18,28010.66,32932.86,38208.32,36607.43,41156.86,40019.52,35773.12,40405.5,41482.43,42255.17,0.0,0.0
F813 Bill Robertson Library DB1:,14934.88,18226.09,22036.58,20753.73,22495.6,20724.92,18767.3,22483.3,20676.59,0.0,20342.91,14415.87,14934.88,18226.09,22036.58,20753.73,22495.6,20724.92,18767.3,22483.3,20676.59,22207.46,18124.02,13850.1,13776.8,17002.85,20268.86,19669.98,20437.47,19957.31,16312.45,19803.42,19036.83,20030.5,0.0,0.0
F813 Bill Robertson Library MCC1:,5756.21,6378.46,6971.48,6091.92,7971.29,8363.13,7861.77,9115.52,8066.7,7939.45,8403.76,6039.95,5756.21,6378.46,6971.48,6091.92,7971.29,8363.13,7861.77,9115.52,8066.7,7939.45,7711.33,6150.94,5966.76,6535.86,7782.98,6347.73,9389.36,9255.97,9990.06,9517.06,10543.47,9981.23,0.0,0.0
F813 Bill Robertson Library MCC2:,5920.46,7150.13,8233.56,7322.59,8710.84,7794.03,6454.4,7789.76,7447.41,8014.81,9017.31,5514.49,5920.46,7150.13,8233.56,7322.59,8710.84,7794.03,6454.4,7789.76,7447.41,8014.81,6588.58,4707.13,5387.98,6402.14,7123.86,7484.14,7489.26,7175.15,5759.98,7244.16,7395.34,7818.42,0.0,0.0
F900 College of Education:,41218.0,42817.0,52080.0,50826.0,65791.0,68473.0,78740.0,77890.0,72182.0,64169.73,54991.87,45253.89,42995.71,44410.37,61436.41,56999.43,71126.53,72977.41,77682.69,78244.87,66817.54,64708.61,58582.02,48693.25,48257.54,51019.78,64135.17,66313.73,82352.64,76380.67,83773.95,88843.27,76053.51,70326.27,0.0,0.0
F903 CoE Drama (Drama Centre and Theatre/ Childcare:,1850.0,2066.0,2365.0,2359.0,3173.0,3778.0,5130.0,4591.0,4368.0,3231.41,2382.58,1845.55,1575.84,1793.74,3119.3,2774.46,4464.83,4320.83,4790.53,4741.47,4241.73,3131.46,2579.87,1796.06,1579.07,2046.27,3073.25,3359.55,5081.89,3550.85,4719.2,6342.34,5275.84,1434.27,0.0,0.0
"F904 CoE Childcare (Fed from Drama, For Oncharging)",0.0,0.0,0.0,0.0,0.0,0.0,0.0,0.0,0.0,0.0,0.0,0.0,40.0,539.0,720.58,822.86,1320.46,1090.26,1249.65,1210.45,907.76,889.46,0.0,0.0,80.0,1078.0,1441.15,1645.73,2640.93,2180.51,2499.3,2420.9,1815.52,1778.91,0.0,0.0
F905 CoE Auditorium Lights:,1348.0,1386.0,1407.0,1292.0,1409.0,1502.0,2083.0,2177.0,1849.0,1727.81,1593.2,1428.53,1617.06,1535.01,1527.23,1397.3,1837.58,1676.83,1674.74,1488.32,1668.91,1456.74,1312.05,1448.4,1497.44,1564.34,1614.61,1702.37,1887.58,1863.92,1888.72,1954.64,1766.03,535.46,0.0,0.0
F905 CoE Auditorium power:,1918.0,2395.0,2502.0,2246.0,3247.0,1913.0,3193.0,3278.0,3771.0,2749.31,1807.6,2052.43,1896.45,1920.58,3157.9,2524.51,3763.65,2683.6,3614.59,3026.4,3601.26,2499.63,2233.42,1912.7,1853.2,2268.05,3195.25,2805.31,3957.57,1905.94,2978.21,3743.95,3538.21,775.04,0.0,0.0
F906 College of Education Administration:,61.0,226.0,191.0,233.0,347.0,460.0,656.0,383.0,380.0,183.79,91.92,208.48,88.01,118.2,280.8,566.49,352.85,410.32,590.29,315.31,281.98,177.72,192.26,147.15,146.39,148.13,233.52,245.87,347.27,295.21,370.32,341.56,487.68,68.12,0.0,0.0
F907 CoE Student Centre/Music (Music Suite):,3894.0,3596.0,4170.0,3760.0,4306.0,4065.0,4395.0,4480.0,4292.0,4178.48,3562.86,3335.28,3339.07,3167.65,4034.5,3595.52,4032.24,3767.66,3987.1,4121.46,3861.18,4036.37,3504.74,3273.39,3429.49,3426.67,3822.83,3663.54,4030.24,3637.26,4633.89,4107.82,3886.1,1045.97,0.0,0.0
F908 CoE Food Technology:,495.0,521.0,1093.0,727.0,822.0,563.0,589.0,697.0,578.0,594.84,541.36,653.14,549.97,514.99,1066.02,733.1,972.78,441.8,621.07,637.81,543.64,549.9,478.85,512.37,461.36,645.1,870.63,703.48,852.77,521.58,625.48,717.98,698.75,246.47,0.0,0.0
F908 CoE Mechanical Service Teaching Wing top plant room:,139.0,133.0,222.0,151.0,186.0,155.0,239.0,274.0,244.0,207.54,86.51,54.79,69.82,52.53,224.26,126.57,258.09,174.72,240.37,230.48,222.02,180.89,252.49,309.47,111.14,111.35,255.52,182.88,167.18,90.85,565.67,637.58,581.23,159.7,0.0,0.0
F908 CoE Teaching Wing Annex plant room:,957.0,603.0,626.0,603.0,669.0,643.0,716.0,827.0,1804.0,1891.98,1716.24,1704.91,1696.53,1551.45,1989.85,1857.12,2021.93,1760.42,1779.27,2001.82,1451.62,1335.9,1229.26,1021.04,1014.5,1001.95,1218.02,1185.45,1378.09,1286.59,1749.06,1392.66,1081.14,300.41,0.0,0.0
F908 CoE Teaching Wing Annex plant room:,957.0,603.0,626.0,603.0,669.0,643.0,716.0,827.0,1804.0,1891.98,1716.24,1704.91,1696.53,1551.46,1989.85,1857.12,2021.93,1760.42,1779.27,2001.82,1451.62,1335.9,1229.26,1021.04,1014.5,1001.95,1218.02,1185.45,1378.09,1286.59,1749.06,1392.66,1081.14,300.41,0.0,0.0
F908 CoE Teaching Wing Lights east end riser:,714.0,949.0,1478.0,1763.0,1737.0,1220.0,1343.0,1793.0,1831.0,1835.99,1088.65,342.47,507.7,719.36,1554.44,1212.51,1830.23,2026.4,1601.25,1689.06,1364.68,1674.06,1432.7,693.02,302.83,1045.34,1356.29,1312.18,1671.58,1713.27,1270.7,1721.22,1372.24,434.5,0.0,0.0
F908 CoE Teaching Wing Lights west end riser:,718.0,955.0,1996.0,1792.0,2087.0,1193.0,1689.0,2389.0,1824.0,1878.24,930.77,450.78,1027.98,1240.08,2377.28,1787.86,2206.45,2339.68,2044.9,2047.1,1607.92,2551.78,3293.97,1617.98,577.44,1835.02,1993.55,1957.33,2470.74,2006.16,2163.79,2557.62,1861.42,594.74,0.0,0.0
F908 CoE Teaching Wing Power west end riser:,1887.0,1769.0,1899.0,1783.0,2017.0,1770.0,2050.0,2148.0,2043.0,1957.94,1818.85,1929.82,1957.98,1666.82,2116.08,1932.1,2034.78,1771.38,1987.44,2066.76,2027.1,1953.34,1787.26,2104.9,2138.5,1750.26,2060.01,1945.05,2044.03,1804.78,1970.42,2105.62,1917.98,531.65,0.0,0.0
F908 CoE Teaching Wing power east end riser:,1719.0,1566.0,2023.0,1943.0,2313.0,2164.0,2381.0,2247.0,1959.0,2056.14,1788.34,2173.11,2173.5,1729.82,2159.32,1904.7,2108.9,1872.24,2108.22,2124.56,2098.78,2083.16,2063.99,2136.83,1821.02,1663.76,2073.68,1915.04,2044.94,1794.82,2000.53,2043.7,1850.0,515.1,0.0,0.0
F909 CoE Tower Block (lights?):,836.0,947.0,1213.0,1098.0,1378.0,1819.0,1357.0,1423.0,1153.0,1611.06,1531.5,731.98,884.95,1080.57,1578.11,1342.54,1671.57,2141.46,1662.15,1756.91,1558.93,1892.58,1877.34,730.32,671.12,824.94,1404.24,1336.86,1686.7,2063.07,1989.71,2212.8,1306.88,318.51,0.0,0.0
F909 CoE Tower Block (power?):,1431.0,1365.0,1480.0,1335.0,1580.0,1642.0,1615.0,1578.0,1579.0,1482.84,1504.3,1336.86,1374.01,1421.7,1699.74,1508.01,1887.39,2101.02,1790.08,1709.34,1461.07,1445.7,1440.61,1154.73,1276.69,1330.84,2197.56,2102.72,2381.27,2268.59,2498.9,1643.74,1402.58,347.28,0.0,0.0
F909 CoE Tower Block Lecture Theatre:,1919.0,1827.0,2654.0,2537.0,3751.0,3636.0,3762.0,3987.0,3614.0,3470.29,2797.18,1689.22,2136.43,2196.13,3879.79,3007.06,3688.93,4400.78,3969.12,4321.47,3489.97,4099.62,3304.61,2074.61,2244.96,2825.92,3627.17,3507.95,4048.59,3432.94,4879.5,4485.82,3919.94,1021.34,0.0,0.0
F909 CoE Tower Block Lift:,654.0,677.0,811.0,660.0,894.0,727.0,815.0,920.0,864.0,826.61,766.37,589.46,646.81,791.91,1029.82,877.88,990.92,879.34,878.04,947.68,854.14,865.35,778.05,563.76,612.86,725.25,859.82,818.2,965.49,763.08,915.09,909.14,809.33,218.08,0.0,0.0
F910 College of Education Education and Resource Centre:,308.0,319.0,355.0,315.0,344.0,332.0,373.0,436.0,465.0,434.11,473.21,331.36,333.1,369.76,361.78,260.49,294.59,274.27,360.51,319.25,286.74,292.89,331.83,189.31,272.99,211.7,243.9,272.43,266.67,268.05,222.36,258.46,232.29,94.73,0.0,0.0
F911 CoE Gymnasium/ Carpark:,1914.0,2124.0,2661.0,2238.0,3597.0,2738.0,3202.0,3145.0,2948.0,2747.87,2100.96,1975.79,2353.46,2510.37,3120.29,3072.85,3554.43,3373.01,5442.38,4294.56,3135.15,2733.2,2504.22,2736.16,2358.29,2181.63,3253.65,3053.6,3391.28,3304.54,3378.66,3722.03,3677.76,1039.26,0.0,0.0
F916 CoE Mechanical Services DB Boilerhouse:,786.0,833.0,2041.0,1892.0,1859.0,2460.0,3394.0,3122.0,3479.0,3608.86,3744.38,2919.62,1090.88,1031.68,1734.21,3551.62,3448.96,4577.73,4017.12,4306.37,3814.66,3767.94,2633.28,2450.59,2232.16,2111.3,4161.79,4103.74,4306.82,3509.57,3627.49,4436.8,4043.84,836.1,0.0,0.0
F916 CoE Wood Boiler:,0.0,1.0,53.0,1657.0,4109.0,3965.0,3824.0,4821.0,4502.0,3514.83,2783.17,22.91,0.0,1.58,694.59,2689.81,4697.41,3575.78,4209.62,4744.93,3945.71,3870.3,2759.3,22.91,0.0,3.15,1104.29,3648.19,4859.86,2329.68,962.53,5246.46,4260.88,1129.66,0.0,0.0
F916 CoE Woodchip bunker control panel:,31.0,25.0,32.0,41.0,60.0,63.0,64.0,79.0,239.0,61.15,38.03,66.66,29.88,0.83,18.16,123.19,187.63,54.4,64.79,72.58,127.76,332.93,43.98,66.66,28.75,188.23,41.61,48.21,62.83,44.1,35.82,63.92,55.08,13.94,0.0,0.0
F918 CoE Dunedin Study:,2781.0,2976.0,3203.0,4060.0,5557.0,7765.0,8404.0,7659.0,6600.0,5441.47,3749.82,3300.83,2203.65,2609.12,3361.95,3488.86,4815.84,6609.86,8081.06,7068.1,5172.54,4575.17,3926.21,3797.09,3393.86,3335.84,4555.33,5090.88,7801.25,7780.29,8942.21,8081.95,5562.27,1337.02,0.0,0.0
F940 Plaza 1 Mains:,133027.0,128258.0,141852.0,124580.0,138056.0,123548.0,114350.0,141878.0,127243.0,129816.06,123701.25,109080.32,114590.98,116159.74,134980.09,127113.22,133265.92,117180.41,115873.02,129146.37,124917.51,120393.73,124656.64,103012.87,105353.22,106318.34,118922.24,111912.45,101613.05,95694.34,105340.41,136139.27,120464.9,131646.97,0.0,0.0
F940 Plaza Cafe Kitchen DB CF:,3823.0,3549.0,3658.0,3542.0,3878.0,3686.0,3838.0,3968.0,3671.0,2521.98,216.42,206.83,267.09,114.99,77.66,134.91,124.61,0.1,0.16,70.59,94.82,63.84,375.65,324.64,352.45,245.86,44.06,3.23,24.51,670.78,839.01,4233.18,4045.92,4305.63,0.0,0.0
F940 Plaza FS  DBG/N:,5394.0,5253.0,6078.0,5837.0,6871.0,6882.0,7355.0,7236.0,6651.0,5777.89,5656.13,5311.14,5534.4,5964.54,6069.15,5551.94,6448.74,6047.58,6789.47,6865.92,6162.62,5899.94,6084.0,4984.64,5604.96,5383.62,6307.78,4722.62,5088.48,4691.52,4849.18,6604.74,6666.34,7226.4,0.0,0.0
F940 Plaza FS DB L1/N:,2316.0,2231.0,2210.0,2584.0,3415.0,3486.0,4378.0,5501.0,4941.0,3560.02,3488.69,2994.3,3129.79,3056.18,4059.57,3092.0,4076.9,3527.2,3755.54,4201.62,4241.15,3550.22,3958.69,2894.08,3413.15,3165.79,3625.89,2519.58,2081.31,1715.46,2442.21,4228.9,4056.54,4155.07,0.0,0.0
F940 Plaza FS DB L2/N:,2309.0,1849.0,1953.0,2106.0,2797.0,2438.0,2740.0,3053.0,2733.0,2104.18,2201.38,1753.6,2144.58,2294.61,2886.78,2164.99,3124.21,2338.1,2887.86,3086.86,2945.71,2684.64,3045.17,2085.84,2797.06,3036.43,3059.68,2070.14,2179.39,964.02,2121.15,3297.78,3776.5,4327.78,0.0,0.0
F940 Plaza FS DB L3/N:,2868.0,2165.0,2987.0,2757.0,3334.0,2972.0,3345.0,3788.0,3605.0,2608.78,3046.53,2528.9,2944.62,2724.34,4045.18,2802.98,4019.44,3164.0,3885.3,3750.46,3232.74,2848.02,3438.67,2872.7,2954.93,3044.35,3553.98,1966.86,2192.34,1523.34,2443.28,4345.54,4436.1,4700.8,0.0,0.0
F940 Plaza FS LMCP01 Nth Ground Mechanical,0.0,0.0,0.0,0.0,0.0,0.0,0.0,0.0,8369.17,13555.84,14019.68,13655.07,3945.01,2656.41,3605.36,3678.92,1864.81,3595.46,5440.4,6777.87,8369.17,13555.84,14019.68,13655.07,7890.02,5312.82,7210.72,7357.83,3729.62,7190.93,10880.8,13555.74,12943.78,13499.37,0.0,0.0
F940 Unipol DB CRD/N:,3093.0,3390.0,4603.0,4261.0,4623.0,4241.0,4384.0,4580.0,4470.0,4555.5,3752.3,2540.16,3078.91,3577.89,4690.53,4144.93,4705.2,4192.02,4605.15,4816.99,4600.06,4677.82,3896.45,2368.77,3078.46,3913.57,4586.21,4423.39,4700.48,4047.07,4489.47,4601.98,4327.2,4480.67,0.0,0.0
F940 Unipol DB G/S:,3568.0,3465.0,3949.0,3759.0,3988.0,3859.0,4097.0,3997.0,4049.0,3965.38,3796.03,3157.58,3653.33,3700.59,3965.22,3631.7,4037.04,3865.7,3922.03,3840.99,3797.41,3918.74,3932.26,3205.86,3601.02,3759.84,4016.7,3827.1,4245.7,4002.53,3920.1,3949.79,3758.02,3880.22,0.0,0.0
F940 Unipol DB GYM/N:,5558.0,5833.0,6932.0,7064.0,7302.0,5951.0,6259.0,7353.0,6972.0,6625.12,6322.37,4686.98,5585.95,5905.92,7088.54,6766.94,7328.42,7127.58,7264.58,7297.89,6926.53,6701.54,6474.02,4159.87,5346.4,6376.19,6917.44,7055.78,7283.58,6956.22,7144.19,7130.5,6869.31,6573.82,0.0,0.0
F940 Unipol DB GYM/S:,4942.0,6582.0,7019.0,7066.0,7376.0,7203.0,7362.0,7456.0,7160.0,6320.7,6582.18,4776.93,6283.2,6498.11,7383.14,6834.27,7428.74,7144.61,7154.4,7194.85,6902.34,7164.0,6924.51,4527.1,5666.72,6545.63,6867.42,6802.82,7033.98,5830.27,6908.99,6649.92,5940.48,6486.02,0.0,0.0
F940 Unipol DB L1/S:,4795.0,4577.0,5288.0,4916.0,5469.0,5301.0,5655.0,5418.0,5525.0,5200.19,4812.13,4016.48,4720.32,4823.1,5443.65,5251.87,5228.42,5202.46,5289.73,5387.9,5603.55,5252.26,5211.07,4005.47,4303.49,4895.49,4780.77,5179.9,4964.1,4690.3,5052.64,4846.62,4711.74,4880.54,0.0,0.0
F940 Unipol DB MPA:,4781.0,4909.0,6301.0,6352.0,6581.0,6413.0,6550.0,6645.0,6286.0,6089.18,6330.3,4693.98,5751.17,5852.42,6655.1,6140.74,6876.58,5621.89,6542.62,6614.08,6338.21,6682.66,6367.81,4168.61,5298.34,6103.42,6490.75,6373.18,6598.53,6267.58,6526.56,6510.91,6122.37,5861.5,0.0,0.0
F940 Unipol DB WHT/S:,1837.0,1931.0,2080.0,2024.0,2666.0,2569.0,2579.0,2372.0,2206.0,2207.3,2106.16,1564.22,1847.42,1906.86,2206.51,2010.21,2206.3,2177.44,2206.35,2237.02,2162.32,2186.24,2122.02,1341.02,1742.99,2012.91,2191.34,2117.04,2237.76,2124.77,2183.22,2131.22,2037.14,2066.67,0.0,0.0
G401 1  Mellor Laboratories Ground MSB:,105059.0,96994.0,113460.0,105637.0,115359.0,108491.0,113792.0,119667.0,114059.0,115695.1,107655.68,109272.06,114333.19,110606.85,121650.69,111928.32,120106.49,107660.8,114561.54,122164.73,117277.19,118385.15,107070.98,108844.55,112983.04,106808.83,117460.48,109507.59,120034.3,109567.48,118233.09,122050.56,118963.2,118921.22,0.0,0.0
G401 2 Mellor L3 MCC 3.1:,56822.0,50173.0,57672.0,55837.0,59820.0,59047.0,63802.0,64757.0,62334.0,63266.3,58202.88,62431.74,63209.21,57071.36,62802.69,61345.54,63307.78,58213.38,61398.27,66477.31,63398.66,63916.29,56325.38,58969.09,59397.12,54825.21,59677.7,55708.16,62640.89,60838.91,65944.06,64743.43,63583.23,62043.65,0.0,0.0
G401 Mellor 3.1 Humidifier 1:,21.0,217.0,0.0,536.0,1268.0,1712.0,4705.0,4174.0,923.0,3992.26,1372.86,539.47,147.46,377.86,486.36,701.01,713.52,1714.61,1919.98,3704.12,3047.28,2540.1,2051.26,731.73,273.92,538.72,972.73,1398.39,4612.8,0.0,0.0,1694.15,7433.39,503.34,0.0,0.0
G401 Mellor 3.1 Humidifier 2:,75.0,52.0,457.8,203.0,1096.0,2710.0,2593.0,2867.0,4017.0,1430.03,2.97,0.0,64.03,137.96,457.8,635.85,447.18,2353.16,1860.86,4530.67,3194.4,2978.52,2.97,0.0,508.07,60.74,340.6,0.0,1345.6,4817.69,5130.5,6645.53,0.0,0.0,0.0,0.0
G401 Mellor 3.1 MEF-1:,13103.0,11755.0,13516.0,12731.0,13696.0,12118.0,12727.0,13363.0,14480.0,13699.87,13774.18,14500.96,15644.8,14029.6,14535.14,13728.48,13836.93,13262.69,13350.69,13589.57,14099.2,13807.84,12649.57,13712.96,16228.61,15317.44,14811.07,13437.95,15088.19,15513.09,16757.82,15293.06,14806.85,4319.23,0.0,0.0
G401 Mellor 3.1 RO Plant:,158.0,142.0,163.0,156.0,159.0,150.0,178.0,159.0,164.0,170.06,134.37,68.49,69.4,61.39,89.29,77.39,76.96,67.41,70.68,77.59,65.62,72.01,65.18,64.88,66.96,62.76,74.92,71.65,81.71,62.76,69.27,140.18,161.77,43.83,0.0,0.0
G401 Mellor Chiller:,4744.0,4258.0,3769.0,1686.0,1451.0,1116.0,1409.0,3461.0,3280.0,3647.42,4066.73,4426.25,6307.28,7841.53,5122.08,3131.46,3137.1,2120.94,3052.79,3122.42,3457.72,3586.86,3132.76,4529.1,5850.22,5581.34,4014.19,3347.62,2911.7,2469.58,2406.83,3011.31,3143.7,826.14,0.0,0.0
G401 Mellor3.1 HWC 1 & 2:,4365.0,4021.0,4713.0,4592.0,4965.0,4757.0,5062.0,5113.0,4711.0,4749.88,4280.26,4449.1,4315.59,3903.18,4829.34,4581.4,4841.1,4864.58,4943.62,5077.41,4652.49,4712.88,4566.8,4581.14,4209.92,2687.76,4878.85,4693.2,5002.29,4659.94,6043.46,6764.96,6336.03,1714.45,0.0,0.0
G403 Biochemistry Plant room East:,440.0,328.0,341.0,351.0,493.0,469.0,508.0,488.0,498.0,510.9,470.11,421.69,416.8,406.07,418.38,333.77,374.89,266.89,307.08,241.52,345.93,213.23,317.73,363.16,358.61,402.18,437.15,406.37,468.29,285.22,342.64,455.4,410.81,112.91,0.0,0.0
G403 Biochemistry Plant room West:,3070.0,2729.0,2985.0,2698.0,2731.0,2558.0,2763.0,2940.0,2335.0,2418.22,2384.91,2476.13,2448.4,2220.32,2574.98,2518.62,2560.88,2651.46,2920.8,3302.66,3323.44,3421.92,3426.02,3696.88,3609.78,3371.34,3394.35,3243.58,3109.78,3047.66,3223.82,3247.39,3146.14,868.64,0.0,0.0
G403 Biochemistry:,142384.0,132198.0,149461.0,142275.0,153224.0,151892.0,161294.0,159627.0,148994.0,145911.81,138656.77,136035.33,140214.27,135001.09,142022.66,130956.29,141200.39,134424.58,136344.58,137198.59,133940.22,132960.25,125643.77,125524.99,126872.58,123930.63,131831.81,125101.05,133987.33,124107.77,133872.64,134581.25,129088.52,131152.89,0.0,0.0
G404 Microbiology HVAC Ground:,41050.0,36842.0,40535.0,34789.0,33129.0,32895.0,34040.0,36182.0,35921.0,37033.21,38393.47,36155.01,40026.11,50331.01,49854.34,43910.66,50301.95,37663.74,40298.24,40173.82,40858.75,42008.06,46143.87,50407.81,44422.53,48837.25,44305.92,40659.07,38510.72,37912.96,36050.3,37699.2,37765.25,39014.02,0.0,0.0
G404 Microbiology Mech 9th Floor:,1634.0,1560.0,1929.0,2136.0,2110.0,1897.0,2175.0,1944.0,1821.0,1861.06,1771.34,1779.35,1754.28,1548.16,1978.06,1874.74,1881.34,1805.73,1818.11,1837.0,1912.37,1746.09,1811.51,1950.95,2057.74,2298.59,2470.58,2356.51,2463.23,2670.78,2985.88,2915.39,2787.58,2896.2,0.0,0.0
G404 Microbiology Mech Basement :,1360.0,767.0,626.0,580.0,608.0,648.0,852.0,707.0,633.0,646.44,675.28,599.64,577.03,557.45,657.23,667.37,859.44,680.22,724.19,751.86,656.55,659.93,1252.57,1432.72,658.64,660.2,735.62,438.65,491.07,483.15,505.02,706.84,668.14,917.32,0.0,0.0
G404 Microbiology Riser 1:,617.0,650.0,739.0,798.0,1399.0,1163.0,1577.0,1695.0,1793.0,1426.5,1408.15,1367.23,1366.54,1051.04,1445.74,1030.66,1443.16,970.8,1259.74,818.36,874.24,1239.39,1346.49,1304.42,1497.03,1617.89,1826.14,1798.18,1887.73,1202.4,1158.88,918.47,1113.16,1537.24,0.0,0.0
G404 Microbiology Riser 2:,34296.0,33310.0,36949.0,34564.0,38155.0,37367.0,37513.0,38381.0,36611.0,36573.18,35503.62,33709.05,35326.46,32922.88,38597.63,35016.45,37752.06,36568.57,38577.79,39136.26,36346.24,37568.26,35584.26,33420.8,38634.37,39155.07,42590.59,40194.56,43184.13,41298.18,41852.03,41107.71,40403.07,41401.6,0.0,0.0
G404 Microbiology:,96612.0,93448.0,108095.0,96244.0,100942.0,96039.0,100183.0,104169.0,100436.0,100614.14,99289.09,92882.95,98532.35,106218.49,117725.19,103427.07,117886.98,99892.23,106562.56,109399.04,105217.02,105672.7,107699.2,108553.22,109086.72,113303.55,115700.73,108738.56,202.61,828.09,808.57,820.09,793.83,824.21,0.0,0.0
G404 Microbiology Rooftop ONE.NZ Antenna,0.0,0.0,0.0,0.0,0.0,0.0,0.0,0.0,0.0,0.0,0.0,0.0,0.0,0.0,0.0,0.0,55620.1,52397.56,53340.67,54219.26,53818.36,55939.58,0.0,0.0,0.0,0.0,0.0,0.0,111240.2,104795.13,106681.34,108438.53,107636.73,111879.17,0.0,0.0
G405 Science 3 - MSB,132040.0,130437.0,155700.0,139136.0,148813.0,138301.0,144529.0,146313.0,140514.0,145685.5,130253.82,113499.13,110000.0,111753.86,143066.16,130248.13,150403.75,137613.28,135560.95,142472.95,139603.33,141154.81,116850.43,102064.64,101112.7,117370.24,134123.27,124620.67,143066.11,132569.09,134026.75,141840.39,133989.38,138737.16,0.0,0.0
G405 Science 3 Level 6 Mechanical MCC (Block 4),0.0,0.0,500.36,1870.28,4767.73,4674.27,5207.69,4945.67,4587.4,4766.48,4714.18,4780.74,2339.42,2238.79,500.36,1870.28,4767.73,4674.27,5207.69,4945.67,4587.4,4766.48,4714.18,4780.74,4678.84,4477.58,4802.39,4653.98,4986.71,5159.76,5449.84,5302.5,4129.61,4786.22,0.0,0.0
G405 Science 3 Level Basement MCC (Block 4),0.0,0.0,995.59,3820.81,3108.56,3322.64,3225.28,3286.83,4370.1,3462.37,3603.17,2963.09,1441.62,1360.61,995.59,3820.81,3108.56,3322.64,3225.28,3286.83,4370.1,3462.37,3603.17,2963.09,2883.25,2721.22,2915.8,3259.84,4260.12,4433.5,4727.33,5492.6,4159.19,4882.82,0.0,0.0
G405 Science 3 Library (Block 3),0.0,0.0,7419.71,26358.64,29514.7,26113.7,26345.31,30982.53,28163.73,29212.8,18656.72,10876.96,5224.46,8988.38,7419.71,26358.64,29514.7,26113.7,26345.31,30982.53,28163.73,29212.8,18656.72,10876.96,10448.93,17976.77,25386.37,25402.18,26883.23,21317.22,22416.0,26574.59,21760.64,26121.5,0.0,0.0
G405 Science 3 Main Riser (Block 4),0.0,0.0,15097.26,56025.41,61637.73,55434.08,56066.46,56533.18,58253.66,58728.48,50100.13,47273.54,23848.51,25582.4,15097.26,56025.41,61637.73,55434.08,56066.46,56533.18,58253.66,58728.48,50100.13,47273.54,47697.02,51164.8,55966.53,49600.32,59646.08,54879.04,56327.81,57905.41,47207.36,51850.11,0.0,0.0
G405 Science 3 Physics Climate Chamber,0.0,0.0,764.82,479.88,3631.63,1310.04,1038.55,1799.65,1907.97,2442.84,2120.25,1578.77,1597.5,2245.04,764.82,479.88,3631.63,1310.04,1038.55,1799.65,1907.97,2442.84,2120.25,1578.77,3194.99,4490.09,4247.48,2692.33,3249.92,2681.46,2500.24,3053.82,4471.43,5248.91,0.0,0.0
G411 1 St David's Lecture incl visitor centre:,85615.0,83190.0,93143.0,83689.0,90612.0,93487.0,98697.0,97083.0,95453.0,96329.73,96452.61,92028.93,86351.88,96198.66,108519.42,93052.93,107429.89,100114.43,104038.4,99926.02,102703.1,98983.94,87040.0,88088.58,73752.58,82067.45,100335.62,88883.2,104210.43,104308.73,97771.52,103514.11,93380.61,98099.2,0.0,0.0
G411 Solar pv 03Dgr:,464.0,353.0,336.0,236.0,146.0,87.0,98.0,194.0,260.0,393.16,429.58,454.49,496.97,438.38,340.14,241.69,144.03,113.16,122.39,203.45,270.2,439.24,434.14,454.18,466.58,394.88,360.67,197.3,140.25,94.84,117.32,204.08,275.41,54.42,0.0,0.0
G411 Solar pv 33Dgr:,532.0,428.0,464.0,372.0,260.0,162.0,180.0,312.0,360.0,489.47,487.17,473.78,521.6,489.62,410.95,340.22,231.0,196.12,195.42,294.67,343.01,511.18,458.9,465.83,497.89,434.26,437.52,272.06,223.77,165.78,202.92,325.42,383.24,71.35,0.0,0.0
G411 Solar pv 48dgr:,1020.0,849.0,950.0,802.0,581.0,368.0,407.0,681.0,746.0,977.97,937.86,894.77,982.41,954.04,834.28,724.06,511.8,442.05,436.54,635.67,706.74,1013.42,877.2,872.86,948.0,845.94,888.38,579.83,496.16,372.38,455.39,710.82,795.34,142.54,0.0,0.0
G411 Solar pv 63dgr:,422.0,369.0,441.0,394.0,291.0,184.0,204.0,337.0,349.0,440.13,398.24,369.18,408.48,419.81,386.25,353.57,255.51,223.76,216.8,311.16,329.94,454.78,368.52,352.88,394.24,367.46,409.36,279.26,247.22,186.62,228.75,354.9,378.44,363.05,0.0,0.0
G411 St David's generator:,82.0,104.0,92.0,57.0,66.0,87.0,10.0,552.0,217.0,69.63,57.73,61.95,60.8,33.02,3.2,0.13,0.13,43.5,1.02,0.13,1.92,0.26,28.86,30.98,0.0,0.0,0.0,0.0,0.0,0.0,0.0,0.0,0.0,0.0,0.0,0.0
G411 St Davids visitor centre:,714.0,716.0,802.0,856.0,1079.0,1254.0,1318.0,1156.0,967.0,948.74,738.05,800.0,686.85,754.69,783.49,791.3,1033.47,1144.83,1199.87,1506.3,946.82,1008.26,977.28,743.42,683.65,686.34,904.45,971.26,1560.06,1211.52,1422.72,1310.46,1143.17,286.59,0.0,0.0
G412 Compressor Science 2 boiler house:,3740.0,3531.0,3997.0,4024.0,4125.0,3979.0,3927.0,3384.0,3301.0,3514.88,3517.57,3742.08,3549.06,3117.7,3569.79,3642.24,3844.35,3660.03,3814.66,3894.4,3673.22,3831.17,3592.19,3680.51,3700.35,3386.24,3700.22,3495.55,3872.0,3609.22,3489.41,3789.7,3718.78,964.61,0.0,0.0
G413 1 Science 2 Main Board:,117748.0,110952.0,125092.0,121632.0,134288.0,146564.0,147855.0,149957.0,126694.0,128887.8,117592.06,114176.0,107333.63,102407.17,117649.41,109629.44,114399.23,117645.31,121592.83,129084.41,118079.48,121932.8,108030.98,103343.1,106415.1,106139.65,116596.73,106212.35,122529.79,116899.84,117840.9,118523.91,116161.54,109251.59,0.0,0.0
G413 Science 2 1st floor Chiller:,1835.0,2423.0,2520.0,1630.0,1619.0,2099.0,1973.0,2052.0,2090.0,2332.22,2602.62,2413.86,3138.59,3661.79,1501.07,760.85,823.1,675.22,666.51,684.3,833.25,873.58,265.62,1630.27,2257.81,1917.17,1338.26,1182.53,1073.26,1054.05,1085.58,907.09,1214.8,334.74,0.0,0.0
G413 Science 2 1st floor Humidifier:,2050.0,2122.0,1102.0,6529.0,8273.0,21437.0,18989.0,20821.0,17105.0,18054.02,10967.1,4927.55,2878.08,3139.71,10709.0,3264.5,4136.5,4974.59,11483.11,21378.05,18076.67,26889.22,1821.7,2463.78,7085.06,11198.46,14619.65,0.0,0.0,0.0,3977.22,2100.22,23734.27,1879.04,0.0,0.0
G413 Science 2 1st floor board:,10027.0,10137.0,9969.0,14213.0,16245.0,30321.0,28128.0,29921.0,25976.0,27366.91,20489.86,14530.43,13170.82,13258.5,8838.78,7368.32,7142.91,7702.53,7024.26,11497.34,10625.79,12622.72,6448.64,7651.97,9890.18,10074.5,10493.57,6949.89,7289.6,7101.18,8132.1,7430.02,12264.96,8644.74,0.0,0.0
G413 Science 2 DB GN2:,8708.0,7824.0,8608.0,7774.0,7401.0,6858.0,7034.0,7720.0,7479.0,7764.8,8266.82,8770.34,9630.11,8704.06,8970.43,8177.22,8240.64,7457.47,6993.5,7024.1,7471.9,7613.89,7362.85,8114.72,8799.55,8249.95,8205.09,6384.77,6271.74,5662.53,5945.09,6360.64,7266.69,1987.52,0.0,0.0
G413 Science 2 X-Ray Lab DB GN10:,1320.0,1231.0,1343.0,1277.0,1163.0,1257.0,1289.0,1233.0,1465.0,1849.7,1770.29,1699.95,1386.19,1419.04,454.22,995.57,1354.56,1345.36,1277.25,1383.07,978.35,966.59,901.15,953.54,953.79,855.6,823.14,577.76,664.22,610.75,786.26,884.32,865.63,228.45,0.0,0.0
G413 Science 2 boiler house G412:,19664.0,17554.0,19663.0,19245.0,21121.0,19885.0,19545.0,18534.0,18221.0,18940.67,18042.88,27561.22,18817.41,16547.84,19052.16,18547.2,20702.72,19791.36,19713.28,19819.26,18043.39,18855.68,18685.44,19732.99,18051.58,16461.82,17833.73,17290.5,19731.2,19364.1,18834.43,18842.11,18276.35,4832.26,0.0,0.0
G501 Staff Club:,4024.0,4077.0,4719.0,4120.0,4924.0,4175.0,4519.0,4841.0,4732.0,4902.59,5153.73,4236.16,3520.9,4639.68,4975.55,4073.79,4858.82,4309.25,4361.15,4618.5,4210.3,4481.09,4573.38,3884.48,3253.38,4146.62,4655.3,4273.6,4713.15,4193.41,4499.39,4633.47,4434.05,1203.33,0.0,0.0
G502 1  Main Block substation G508:,76029.0,77286.0,91009.0,105936.0,154355.0,191056.0,207757.0,195010.0,172051.0,153313.28,96764.93,83023.36,64899.59,66904.06,101608.96,112437.25,155086.84,180792.31,199156.73,215867.39,158476.28,138930.17,111048.7,81997.82,73277.44,78607.36,113484.8,130868.23,190974.97,173697.03,194282.5,189322.23,153029.63,39016.45,0.0,0.0
G502 Clocktower 1 First Floor:,8045.0,9093.0,10254.0,13117.0,21227.0,30098.0,30841.0,27393.0,22771.0,20033.54,12139.52,9746.82,7548.8,8398.72,12935.17,14151.94,23664.64,28128.26,30609.02,33943.68,21400.32,16842.62,14843.9,9519.62,8420.35,9439.87,13728.77,16444.16,26635.01,22707.46,27928.32,26204.42,20134.14,17503.49,0.0,0.0
G502 Clocktower 2 Ground Floor:,6618.0,6653.0,8338.0,10940.0,18209.0,23425.0,25924.0,23576.0,20229.0,17128.19,9914.62,8541.95,5862.02,6331.9,11211.39,12540.67,19390.34,22908.03,24640.38,26109.31,17522.18,15343.74,12136.7,7667.97,7034.88,7150.85,11031.94,13178.88,21613.18,19246.59,24052.1,22455.68,17474.69,4415.1,0.0,0.0
G502 Clocktower 3 Basement:,11608.0,10429.0,10621.0,9474.0,11444.0,14045.0,15408.0,15198.0,14451.0,14496.0,12838.02,13194.11,13161.09,11175.81,12236.42,12167.81,13851.39,15053.18,16230.91,17202.43,14872.96,14835.33,13617.02,12722.94,12527.74,11976.96,13842.56,13953.54,15149.57,14635.39,16246.02,16393.73,14551.94,3709.82,0.0,0.0
G503/04 Professional Houses:,5043.0,5118.0,6094.0,7161.0,11545.0,15471.0,17916.0,16842.0,13904.0,12772.35,7237.63,5815.68,3487.62,3554.56,7159.3,8000.13,12932.86,14321.79,17628.16,19500.67,13079.17,11620.99,9484.03,5356.8,4424.19,5033.09,8681.09,11318.14,17969.54,16326.53,19210.11,17969.28,14118.78,3585.28,0.0,0.0
G504 Black & Sale House:,2267.0,2520.0,3089.0,3463.0,6138.0,7894.0,9453.0,8352.0,6805.0,6369.18,3373.89,2747.2,1493.89,1689.34,3683.68,3935.42,6679.01,7520.83,9393.15,9562.18,6844.93,5959.3,4649.34,2765.95,2389.82,2631.36,4543.49,5949.12,9188.1,8500.67,10111.23,9183.68,7451.71,6486.02,0.0,0.0
G504 Scott Shand:,2693.0,2548.0,2987.0,3600.0,5290.0,7341.0,8202.0,8334.0,6938.0,6228.62,3808.74,3034.19,1935.86,1857.62,3389.03,3993.9,6096.89,6603.97,8088.96,9703.23,6131.73,5584.42,4757.84,2579.1,1975.97,2342.72,4077.84,5255.97,8563.97,7619.3,8920.21,8594.7,6554.82,5743.94,0.0,0.0
G505 Geology north:,21105.0,21414.0,24894.0,30183.0,42589.0,47053.0,52997.0,49326.0,47418.0,42522.11,27639.3,23074.56,18754.56,19603.71,28097.02,32072.19,37179.9,45116.16,50216.96,52869.38,42639.11,37421.05,30400.0,22927.87,19163.65,21339.65,31385.09,35906.05,48492.54,46055.43,47359.49,48819.2,40353.28,10240.51,0.0,0.0
G505 Geology south:,7516.0,7478.0,8747.0,9624.0,13368.0,19565.0,20874.0,18672.0,15781.0,13493.38,7892.48,6089.34,5011.97,5584.64,8186.37,9403.14,13704.06,17342.08,18504.58,18972.67,12506.75,10260.48,7507.84,5627.52,5460.1,5563.26,7595.65,9019.65,15280.26,13741.95,16605.95,15742.72,12325.76,3243.26,0.0,0.0
G506 Marama Hall:,2682.0,2671.0,3035.0,5078.0,7693.0,8867.0,9952.0,10054.0,8228.0,7726.4,3537.47,3565.5,1749.92,1355.39,3357.22,4481.82,6205.89,8280.83,9854.59,10884.9,7463.52,6267.65,4976.32,3398.59,2365.15,2724.38,5180.9,6030.34,9299.26,8642.62,8432.64,5281.22,0.0,0.0,0.0,0.0
G506/07 Archway buildings (incl. Allen & Marama Hall):,10723.0,11656.0,13758.0,19187.0,28214.0,35370.0,36617.0,36603.0,30481.0,25450.75,12625.15,12561.66,7290.37,7112.45,13283.33,17769.98,26347.01,30577.41,34456.06,39190.02,27008.77,21986.56,14170.62,10577.15,8177.92,9156.35,17008.9,21207.81,35089.41,30505.47,32735.74,31336.7,24768.26,5636.61,0.0,0.0
G507 Allen Hall (Backstage):,1119.0,1431.0,1673.0,3867.0,6049.0,7889.0,7292.0,7234.0,5721.0,3814.18,930.18,1380.38,321.95,326.94,1509.25,2389.31,5474.59,5921.82,6864.1,8223.55,5688.96,3536.51,561.89,497.98,309.31,765.5,2681.18,4687.14,8911.55,7107.78,7173.6,7727.17,6333.92,4677.98,0.0,0.0
G507 Archway West:,4335.0,5221.0,5713.0,5852.0,8365.0,10929.0,11207.0,11097.0,9253.0,8131.9,4903.55,4440.26,2916.86,3233.47,4953.92,6254.85,8639.36,10374.85,11123.14,12521.47,7943.81,6838.66,4596.86,3656.38,3344.13,3161.98,5061.31,6039.42,10428.16,9157.44,10819.33,9924.67,7393.15,7025.28,0.0,0.0
G508 Geology Substation Generator:,0.0,0.0,0.0,0.0,0.0,0.0,0.0,0.0,0.0,0.0,0.0,0.0,0.0,0.0,0.0,0.0,0.0,0.0,0.0,0.0,0.0,0.0,0.0,0.0,0.0,0.0,0.0,0.0,0.0,0.0,0.0,0.0,0.0,0.0,0.0,0.0
G600 University College MSB G606:,30288.0,46691.0,72212.0,66278.0,81334.0,76677.0,81622.0,84495.0,79451.0,80129.6,48868.29,32161.28,41940.48,53342.91,74191.88,64823.74,77500.8,70263.8,74360.06,78174.34,73714.81,75109.38,46487.68,31851.52,32070.78,47756.54,69521.41,67296.26,82713.47,67385.86,67023.23,80250.37,71232.0,77889.79,0.0,0.0
G601 UniCol Common DB:,10797.0,22663.0,34932.0,32123.0,38798.0,35793.0,39007.0,39638.0,37258.0,37544.8,21894.3,11226.3,20841.82,27329.66,35240.86,29380.74,34368.26,33180.73,34310.79,35030.53,32375.55,33761.41,20828.22,12063.81,12713.66,21837.57,30051.9,29159.68,37514.18,31390.72,30857.73,35086.34,31438.85,34643.9,0.0,0.0
G602 UniCol South Tower:,8721.0,9543.0,14386.0,12982.0,16656.0,16668.0,18137.0,19258.0,17618.0,17125.26,10671.22,8990.59,8205.23,9680.88,15385.92,13842.72,17115.58,14781.92,15982.43,17414.11,16351.49,16034.56,10931.01,8614.75,8556.64,10651.62,15474.4,15450.27,18502.21,14432.29,14154.75,18677.31,16458.24,18324.99,0.0,0.0
G603 UniCol North Tower:,7315.0,8522.0,13591.0,12730.0,15735.0,15735.0,14984.0,15176.0,15052.0,15583.42,10038.53,7579.07,7281.84,9393.25,13633.38,12232.19,15124.16,12757.55,14067.49,14814.99,14343.76,14662.24,9494.82,7609.92,7363.04,9770.69,14343.81,13548.86,16121.28,12770.82,13090.91,15982.66,13798.34,14682.02,0.0,0.0
G606 UniCol Nth Annexe L1:,68.0,281.0,634.0,590.0,721.0,623.0,623.0,782.0,782.0,798.73,329.68,48.88,382.28,527.01,890.77,861.64,969.56,897.43,856.19,1140.53,991.99,1009.42,344.49,95.18,82.45,318.56,831.42,851.19,970.27,821.78,779.02,978.76,876.53,902.4,0.0,0.0
G606 UniCol Nth Annexe L2:,76.0,339.0,792.0,685.0,843.0,716.0,800.0,599.0,537.0,504.1,221.66,90.97,341.37,537.36,850.16,809.11,1000.01,845.56,845.46,889.7,913.51,958.62,402.62,80.01,77.75,311.69,681.85,652.0,823.01,569.7,509.16,742.86,596.09,789.54,0.0,0.0
G606 UniCol Nth Annexe L3:,135.0,439.0,792.0,665.0,842.0,702.0,769.0,911.0,851.0,870.92,390.05,119.27,449.21,617.05,772.18,694.31,829.02,665.78,700.69,869.98,924.15,927.37,321.5,110.7,108.23,446.86,766.37,675.8,840.76,611.31,593.91,800.37,638.3,743.96,0.0,0.0
G606 UniCol Nth Annexe L4:,517.0,844.0,1288.0,1182.0,1495.0,1218.0,1448.0,1849.0,1378.0,1481.79,887.73,565.97,843.34,892.0,1321.85,1230.72,1373.76,1157.85,1217.59,1366.0,1282.62,1279.74,375.66,198.65,156.62,539.44,1448.19,1399.45,1606.59,1294.12,1284.57,1572.15,1416.57,1474.78,0.0,0.0
G607 UniCol South Annexe:,2696.0,3387.0,5095.0,4646.0,5594.0,4902.0,5250.0,5678.0,5402.0,5615.1,3728.82,2763.98,2769.35,3654.74,5370.12,5045.39,6030.18,5373.41,5749.94,6046.66,5946.14,5884.32,3126.06,2388.68,2294.03,3141.13,5184.67,4836.66,5607.38,4827.6,4837.55,5686.7,5286.85,5626.24,0.0,0.0
H402 1 St David II Mains:,4469.0,3913.0,4826.0,2382.0,10780.0,12921.0,19863.0,19315.0,17922.0,18333.39,17771.5,17248.22,18022.48,15486.7,17516.93,16759.94,19132.46,19265.97,20019.22,20844.32,18508.93,18371.58,17280.83,16408.45,17755.2,16607.01,18131.07,18457.47,19429.73,17349.06,18795.39,18683.36,17619.49,18099.62,0.0,0.0
H402 St David II Mech??? :,3218.73,2892.58,1.0,1.0,2599.0,3859.0,4064.0,4075.0,3294.0,2994.0,2896.61,2849.37,3218.73,2892.58,3311.93,3340.54,3971.19,3890.8,3982.46,4136.49,3725.63,3630.74,3573.06,3523.02,3538.38,3296.82,3876.12,4418.73,3999.95,3499.84,3864.55,3860.77,3573.57,3868.88,0.0,0.0
H402 St David II Chiller:,1352.4,136.35,1.0,1.0,89.0,145.0,211.0,542.0,303.0,309.77,1122.82,1114.01,1352.4,136.35,151.62,148.66,157.01,215.24,491.88,493.08,578.66,780.01,234.42,938.46,1615.52,1508.5,926.99,707.21,703.51,170.59,196.97,286.38,380.66,557.91,0.0,0.0
H402 St David II DB 1:,2722.6,2527.92,1.0,1.0,1505.0,2564.0,2587.0,2570.0,2532.0,2673.71,2751.03,2661.17,2722.6,2527.92,2820.57,2499.52,2836.99,2710.34,2690.63,2789.88,2609.64,2687.04,2615.62,2503.92,2618.49,2502.84,2573.88,2452.41,2688.04,2540.27,2673.52,2582.51,2593.62,2619.79,0.0,0.0
H402 St David II DB 2:,2714.48,2580.85,1.0,1.0,1384.0,2396.0,2503.0,2494.0,2526.0,2624.19,2743.92,2655.12,2714.48,2580.85,2825.73,2465.48,2837.12,2749.95,2759.72,2850.63,2553.78,2656.55,2603.92,2469.65,2542.84,2429.92,2552.07,2444.81,2581.34,2404.26,2639.7,2588.03,2525.99,2585.7,0.0,0.0
H402 St David II DB 3:,3099.39,2801.96,1.0,1.0,1855.0,2988.0,3130.0,3099.0,3102.0,3219.74,3246.73,3033.17,3099.39,2801.96,2969.46,2878.9,3149.85,2852.06,2908.82,3033.36,2820.36,2917.31,2820.74,2754.55,2937.27,2713.4,2920.01,3041.98,3081.73,2966.8,3161.81,3117.16,2886.65,2853.36,0.0,0.0
H402 St David II DB GMS:,643.84,588.13,1.0,1.0,1321.0,3006.0,2967.0,2245.0,2080.0,2157.67,801.8,702.62,643.84,588.13,1086.52,1162.49,1706.14,2527.46,2925.71,3140.72,2239.0,1618.19,1436.03,291.57,284.53,268.94,1129.61,1286.06,2057.91,1675.9,2002.86,1871.94,1545.61,1262.16,0.0,0.0
H402 St David II Lift:,85.71,86.15,1.0,1.0,48.0,87.0,81.0,89.0,86.0,89.87,98.93,81.66,85.71,86.15,93.34,75.76,97.16,99.21,82.69,88.23,84.98,94.44,92.57,74.95,78.12,86.03,86.03,81.6,90.68,91.66,92.01,90.77,92.38,97.64,0.0,0.0
"H418, 530 Castle Street:",1094.0,1037.0,1034.0,1295.0,1647.0,2955.0,2711.0,2830.0,2538.0,1494.88,974.7,720.85,631.12,818.19,1715.66,1454.02,2123.58,2467.81,1816.54,2167.2,1154.18,1114.46,1118.67,601.7,450.98,503.26,1019.33,1169.82,2718.0,1708.64,2251.78,2309.89,1953.63,459.68,0.0,0.0
"H419, 520 Castle Street:",211.0,383.0,523.0,3341.0,4604.0,5561.0,6162.0,6234.0,5126.0,4551.01,1933.5,1978.72,1017.76,1101.25,2437.38,2918.69,4581.15,5403.9,5867.65,6618.21,4253.02,3482.75,2540.9,1643.97,1235.33,1561.98,2631.23,3509.63,5856.8,4951.58,6605.15,5563.46,3958.59,1089.92,0.0,0.0
H420 518 Castle Street:,778.0,616.0,827.0,1261.0,3186.0,3757.0,5182.0,4429.0,3491.0,2670.21,1242.46,1450.58,545.9,657.68,1385.5,1920.4,2921.47,4097.65,4319.33,4387.14,2655.79,2267.15,2021.41,1221.23,647.49,860.69,1506.21,1963.58,3639.23,3141.39,4150.62,3932.35,2802.86,2596.99,0.0,0.0
H421 CFI DB-1E.3  first floor east unit 3:,0.0,0.0,0.0,0.0,0.0,0.0,0.0,0.0,0.0,0.0,0.0,0.0,0.0,0.0,0.0,0.0,0.0,0.0,0.0,0.0,0.0,0.0,0.0,0.0,0.0,0.0,0.0,0.0,0.0,0.0,0.0,0.0,0.0,0.0,0.0,0.0
H421 CFI DB-2E.4-2E5:,458.0,460.0,195.0,351.0,1042.0,1365.0,1211.0,1061.0,894.0,746.98,502.25,425.46,339.77,537.85,753.19,586.0,1055.57,1139.09,1248.46,1290.17,840.19,760.05,598.04,443.46,309.05,390.94,723.86,722.97,1198.82,1033.65,1481.83,1047.64,903.91,708.99,0.0,0.0
H421 CFI DB-2E3:,246.0,209.0,104.0,103.0,237.0,219.0,201.0,316.0,262.0,263.03,301.79,196.71,289.62,296.26,345.47,207.05,326.35,275.25,213.67,260.27,264.29,332.11,250.38,229.5,295.85,319.21,305.26,319.13,305.1,222.14,288.56,325.62,365.48,98.98,0.0,0.0
"H421 CFI DB-GE.4 - Pacific Dvpt - G.E4, G.E7, G.E8:",319.0,546.0,585.0,1038.0,1399.0,2429.0,2875.0,3098.0,2049.0,354.9,111.75,73.73,65.0,80.58,242.84,144.13,361.13,712.09,763.85,1039.47,513.93,258.71,231.32,134.11,113.88,94.26,384.27,438.54,829.82,729.97,798.56,706.05,565.44,282.56,0.0,0.0
"H421 CFI DB-GE.6  Maori Dvpt - Rm G.E5a-5d, G.E6:",58.0,141.0,210.0,251.0,882.0,1002.0,1140.0,781.0,567.0,1994.18,928.17,731.12,231.5,290.18,1008.67,1573.84,2299.52,2685.1,2569.3,3068.64,1874.82,1578.76,1327.92,579.5,396.56,699.65,1487.15,1882.2,3125.9,2424.78,3382.82,2665.11,2364.03,621.57,0.0,0.0
H421 CFI GW6a:,41.0,62.0,61.0,51.0,60.0,52.0,67.0,64.0,69.0,66.05,48.87,49.49,0.19,57.46,69.27,49.89,71.28,62.98,47.71,72.88,66.36,68.55,68.14,43.51,50.51,56.51,50.05,59.69,72.28,53.65,68.99,62.67,49.97,63.06,0.0,0.0
H421 CFI GW6b:,79.44,0.2,0.17,0.11,0.34,0.1,0.11,0.17,0.18,0.21,0.14,0.06,79.44,0.2,0.17,0.11,0.34,0.1,0.11,0.17,0.18,0.11,0.11,0.12,0.06,0.03,0.03,0.05,0.02,0.02,0.07,0.06,0.03,0.01,0.0,0.0
H421 CFI GW6 c-e :,40.0,103.0,57.0,55.0,80.0,77.0,75.0,80.0,84.0,67.38,72.28,56.73,55.11,82.0,93.78,73.08,97.32,60.46,77.48,84.96,85.79,73.49,82.15,82.32,80.86,81.52,83.98,77.93,75.03,76.42,104.1,119.9,91.72,80.99,0.0,0.0
H421 CFI GW6f:,1.0,1.0,14.3,2.77,2.86,2.0,0.0,0.08,0.27,0.53,0.14,1.52,0.9,2.15,14.3,2.77,2.86,0.01,0.0,0.08,0.27,0.22,0.58,2.44,0.0,3.7,0.16,0.01,0.0,0.0,0.0,362.39,79.41,0.0,0.0,0.0
H421 CFI GW6g:,85.0,101.0,94.0,80.0,87.0,77.0,84.0,87.0,139.0,133.49,137.51,194.8,134.38,143.05,201.53,112.07,150.15,183.21,173.84,123.43,101.24,109.3,129.74,77.51,118.93,204.57,175.26,171.88,166.62,93.07,176.02,159.22,90.64,104.59,0.0,0.0
H421 Centre for Innovation  landlord meter:,7946.0,8357.0,10614.0,11977.0,14653.0,17434.0,17580.0,17121.0,15356.0,14598.78,10133.5,9819.65,8410.5,8594.94,11288.83,11245.18,14181.12,15785.47,16043.01,17565.31,13345.92,12423.55,12034.18,9629.18,9220.35,8872.58,11648.26,12301.18,16811.65,14540.93,16921.22,15273.6,13909.12,3788.54,0.0,0.0
H421 Centre for Innovation 1:,28479.0,29718.0,34311.0,39212.0,52204.0,62381.0,67210.0,62517.0,54452.0,50776.06,37822.98,35907.07,32882.69,34453.5,45703.68,43342.34,56190.46,61540.86,62770.69,66863.62,51378.69,48747.01,44858.37,36450.82,35953.15,36803.59,45338.11,48021.5,67210.75,58354.18,68785.15,63548.41,53869.57,52537.86,0.0,0.0
H421 Centre for Innovation 2 :,11485.0,11969.0,13156.0,13945.0,16066.0,18084.0,19211.0,18028.0,16544.0,15679.23,14486.91,14095.62,14140.93,14373.12,15487.87,14536.19,15704.7,17081.86,19440.51,19292.67,18648.19,18121.6,16451.2,15362.82,15528.58,14907.39,16486.4,17291.52,19379.97,18618.75,19041.79,19209.98,15921.28,4236.42,0.0,0.0
H421 CfI DB-1E:,1371.0,1101.0,1323.0,1297.0,2137.0,2974.0,3129.0,2256.0,1887.0,1762.37,1513.62,1294.11,1783.38,1452.13,1744.53,1499.78,2256.99,2770.9,2895.39,3053.81,1880.27,1755.98,1651.54,1109.22,1202.42,1413.07,1615.86,1785.71,2897.44,2477.04,3047.09,2995.06,1860.5,605.66,0.0,0.0
H421 CfI DB-1W:,6762.0,8081.0,9019.0,7682.0,7941.0,7259.0,7835.0,8067.0,7612.0,8164.83,9095.39,9399.33,10072.93,10840.86,12486.72,10211.58,11175.68,10181.63,9947.17,10311.97,10180.86,10739.26,10866.18,10500.77,11176.32,10914.08,10658.82,10542.14,10813.44,9591.23,10251.97,10332.74,9581.5,2810.05,0.0,0.0
H421 CfI DB-2E:,1430.0,927.0,484.0,587.0,2306.0,3214.0,3066.0,2770.0,2374.0,1927.46,1279.01,753.6,953.81,1162.21,1553.12,1113.66,2170.8,2277.86,2781.74,2885.86,2224.74,2048.75,1200.29,836.4,958.46,1126.29,1690.0,1631.82,2952.21,2800.03,3567.14,2831.39,2039.94,488.91,0.0,0.0
H421 CfI DB-2W:,4805.0,4295.0,5167.0,5049.0,5890.0,6767.0,7438.0,6717.0,6213.0,6011.62,5348.1,4575.68,5002.82,4882.82,5205.25,5136.06,6079.71,6001.15,6016.29,6187.42,5554.11,5654.37,5251.68,4650.94,5169.66,4846.27,5120.96,5039.1,6679.74,5879.04,6769.02,6441.22,5435.2,1701.5,0.0,0.0
H421 CfI DB-GE:,1026.0,1137.0,1416.0,1905.0,3214.0,4402.0,5008.0,4790.0,3282.0,3038.86,1697.42,1393.41,928.18,1022.82,1958.64,2418.58,3451.18,4223.54,4409.06,5159.14,3255.6,2699.46,2258.94,1432.0,1215.81,1520.86,2730.46,3292.35,5094.05,4178.72,5355.87,4546.56,3810.4,966.18,0.0,0.0
H421 CfI DB-GW:,2995.0,3636.0,3701.0,4471.0,6262.0,7831.0,8721.0,6876.0,6379.0,6256.8,4126.94,4204.8,3208.77,3164.9,5160.19,5318.11,6938.24,7871.68,8228.8,8383.78,6324.58,6098.69,5518.14,4783.74,4401.38,5238.37,6525.57,6491.17,9730.85,8780.1,9615.04,9374.56,7638.69,2077.95,0.0,0.0
H421 CfI L2 Suite 1 2W1:,464.0,820.0,596.0,669.0,852.0,1277.0,1341.0,1427.0,1388.0,1084.88,962.54,1280.18,1418.54,1532.54,1121.65,808.1,875.26,1058.94,3063.52,3007.3,2921.94,2765.62,2586.43,2439.3,2237.12,2104.8,2236.62,2225.73,3018.67,2791.54,2538.34,2747.06,2396.7,511.58,0.0,0.0
H421 CfI L2 Suite 2 2W4/1:,1622.0,1474.0,1754.0,1506.0,1504.0,1570.0,1508.0,1457.0,969.0,1207.87,1532.67,1428.77,1591.85,1448.17,1386.61,1267.91,1285.99,1065.99,918.86,818.86,853.46,930.96,1235.33,1304.38,1381.12,1266.34,1207.57,1213.28,1524.1,1020.08,1116.26,1086.56,1098.32,301.14,0.0,0.0
H421 CfI L2 Suite 3 2W4/2:,6795.0,5537.0,5667.0,5206.0,5421.0,5636.0,6146.0,5918.0,5598.0,6161.89,5317.06,5147.39,5606.75,5195.14,5432.13,5016.06,5308.22,5251.52,5006.3,4960.26,5119.39,5619.62,5395.33,5536.99,5849.95,5387.01,5401.18,5095.36,5494.98,5101.89,5522.43,5536.51,5310.02,1409.79,0.0,0.0
H421 CfI L2 Suite 4 2W3/2:,3565.0,3249.0,3755.0,3573.0,4014.0,4498.0,5019.0,4583.0,4183.0,4242.82,3990.72,3265.7,3608.86,3636.42,3734.18,3718.43,4285.92,4281.22,4122.11,4228.03,3678.43,3768.26,3843.14,3468.64,3901.34,3476.0,3693.6,3571.42,4737.73,4126.88,4783.49,4506.69,3748.45,1223.65,0.0,0.0
H421 CfI L2 Suite 5 2W3/1:,349.0,290.0,404.0,414.0,459.0,524.0,614.0,560.0,536.0,488.0,420.35,357.81,392.1,356.51,458.05,378.06,505.26,450.93,410.05,527.42,706.62,821.25,525.14,394.93,462.7,535.33,564.16,501.74,574.91,614.75,676.13,655.74,529.14,157.89,0.0,0.0
H421 CfI L2 Suite 6 2W2:,835.0,704.0,969.0,973.0,1282.0,1537.0,1590.0,1395.0,1402.0,1158.26,877.5,907.81,950.87,807.18,947.09,953.3,1192.71,1146.42,1222.58,1256.09,1056.7,995.58,833.35,736.99,767.38,787.51,785.01,880.48,1117.78,939.4,1080.64,1128.7,1004.78,273.1,0.0,0.0
H421 CfI Suite 11 L1 1W1:,810.0,2546.0,3234.0,4304.0,5279.0,5851.0,6268.0,5831.0,5813.0,4632.74,4235.44,4350.69,3227.7,3336.14,4087.6,3916.86,4798.08,5055.52,5940.22,5998.42,5263.94,5048.16,4615.22,3787.49,3540.13,3636.13,4418.24,4873.15,5310.43,4849.7,4995.57,4430.0,4140.93,1144.5,0.0,0.0
H421 CfI Suite 12 L1 1W3/1:,565.0,467.0,651.0,887.0,619.0,1401.0,1267.0,1126.0,787.0,786.17,853.8,678.66,836.01,1115.71,1268.44,1393.66,894.5,1938.26,1741.02,1190.67,2044.5,1515.58,1182.58,1287.9,1375.17,1512.21,2099.22,2636.13,2372.98,3251.38,3378.29,3668.51,1802.9,479.9,0.0,0.0
H421 CfI Suite 13 L1 1W5:,103.0,110.0,157.0,208.0,204.0,177.0,213.0,230.0,273.0,141.61,123.22,79.42,78.53,45.48,40.1,35.38,41.29,36.52,42.73,38.72,36.73,37.86,43.72,67.71,42.68,36.98,42.64,35.65,40.47,57.45,53.5,46.64,45.54,13.47,0.0,0.0
H421 CfI Suite 14 L1 1W6:,2789.0,3884.0,4312.0,3723.0,3747.0,3274.0,3839.0,3972.0,4100.0,4840.47,5612.22,6142.16,6479.98,6366.43,6567.83,5820.48,6161.38,5941.62,5933.86,6110.32,5890.24,6221.52,6147.58,6359.06,6542.18,6027.54,6339.78,6108.21,6126.37,5632.5,5983.57,6031.86,5677.66,1619.82,0.0,0.0
H421 CfI Suite 15 L1 1W4:,1916.0,2407.0,2719.0,2285.0,2459.0,2291.0,2224.0,2233.0,1761.0,1561.52,1718.58,1645.19,1643.34,2347.56,3696.82,2174.64,2677.36,2337.11,2412.45,2535.02,2170.66,2667.24,2812.02,2286.61,2545.04,3097.2,2776.24,2811.22,2407.33,2202.21,2442.66,1996.11,1818.18,578.42,0.0,0.0
H421 CfI Suite 16 L1 1W2:,2082.0,1834.0,2034.0,1711.0,1770.0,1726.0,1807.0,1900.0,1784.0,1797.71,1809.76,1656.5,1997.15,2185.65,2290.9,2271.65,2398.93,1957.63,1652.06,1720.72,2171.42,1910.8,1968.34,1907.98,2151.49,1853.54,1603.12,1681.76,2341.14,1809.68,1884.53,2361.26,2137.98,627.25,0.0,0.0
H421 CfI Suite 21 LG GW7/1:,723.0,589.0,718.0,684.0,848.0,1072.0,994.0,1121.0,1049.0,1043.52,1160.37,888.29,964.51,1073.17,1361.95,981.94,1276.69,1219.19,1173.03,1318.63,1198.37,1215.64,579.17,469.74,533.38,580.14,554.58,568.16,653.73,531.83,617.34,551.52,540.49,156.71,0.0,0.0
H421 CfI Suite 22 LG GW7/2:,456.0,490.0,455.0,559.0,1433.0,1207.0,1593.0,1014.0,742.0,684.53,370.51,307.36,486.66,702.51,861.1,1180.24,1302.69,1556.38,1672.9,2067.6,1320.16,1088.91,912.18,551.3,655.06,470.43,623.5,750.98,1080.74,1122.86,926.88,1258.8,674.59,241.63,0.0,0.0
H421 CfI Suite 23 LG GW8:,2219.0,2811.0,2769.0,3467.0,5258.0,6745.0,7330.0,5596.0,5144.0,5366.53,3281.73,3336.58,2396.8,2272.45,3621.54,4058.02,5435.07,6349.06,6759.3,6845.5,4999.17,4725.98,4022.08,3533.7,3103.36,3624.96,4567.04,4507.65,6333.57,5999.97,6287.9,6075.42,4998.82,1195.71,0.0,0.0
H421 CfI Suite 24 LG GW6/2:,249.0,244.0,284.0,224.0,360.0,318.0,417.0,377.0,379.0,282.61,271.91,250.5,283.9,292.54,511.75,525.72,537.33,445.35,486.9,587.75,481.41,514.61,560.05,487.3,449.16,497.06,942.38,974.94,2341.2,2005.88,2209.66,2034.06,1784.14,617.42,0.0,0.0
H421 CfI Suite 25 LG GW6/1:,539.0,597.0,668.0,805.0,681.0,818.0,1029.0,947.0,897.0,645.74,596.92,640.99,544.14,618.32,1055.66,766.97,1008.08,1124.5,1033.29,1001.18,879.24,892.32,971.44,788.15,873.65,1149.44,1058.32,1051.12,1128.65,839.36,1189.31,1335.59,910.61,280.63,0.0,0.0
H421 Cfi DB-GE Board Room:,129.0,61.0,162.0,121.0,114.0,105.0,123.0,112.0,99.0,77.68,102.87,75.9,122.01,121.21,123.18,100.74,106.1,113.3,109.76,71.92,109.0,76.47,91.69,103.88,72.5,86.05,98.41,81.83,79.68,76.26,100.03,100.42,80.9,77.09,0.0,0.0
H509 UO Childcare DBA1:,1241.0,2414.0,1871.0,1377.0,1885.0,1667.0,4001.0,4002.0,3627.0,3287.15,2254.35,2175.3,1483.86,1596.82,2746.34,3163.1,3584.99,3677.71,4702.11,5099.94,4239.18,3815.23,2837.22,2245.15,2183.58,2826.21,3678.98,4351.26,4835.78,4061.52,4582.58,4611.5,3797.2,1009.66,0.0,0.0
H509 UO Childcare & CSAFE:,5948.0,7789.0,7792.0,6209.0,7583.0,7200.0,10300.0,10494.0,9724.0,9168.59,8257.62,7837.3,6832.22,6925.94,9339.5,8645.31,10452.32,10260.45,11405.34,12154.4,10658.02,10186.4,8968.42,7626.4,7721.86,8387.62,9698.43,10511.74,11948.42,10226.43,11630.05,11564.03,10226.72,6231.74,0.0,0.0
"H514 C Safe Buildings 1, 2 & 4:",632.0,615.0,682.0,655.0,883.0,885.0,754.0,727.0,755.0,750.0,755.6,609.08,616.02,538.97,664.26,555.79,684.28,594.51,645.84,861.68,707.69,668.7,628.14,515.1,534.82,601.72,616.44,572.91,873.12,754.64,675.97,695.55,698.39,173.69,0.0,0.0
H515 C Safe Building 3:,290.81,275.79,320.04,307.94,351.79,376.76,366.67,385.63,351.26,345.14,113.85,304.25,290.81,275.79,320.04,307.94,351.79,376.76,366.67,385.63,351.26,345.14,290.54,256.45,263.19,287.58,281.66,287.48,347.94,371.84,285.32,281.56,314.22,369.06,0.0,0.0
H525 31 Montgomery Ave:,7.0,37.0,30.0,17.0,35.0,12.0,58.0,128.0,70.0,71.01,65.75,61.63,153.94,255.7,440.1,400.2,503.73,426.86,714.37,814.74,696.51,694.3,363.52,165.58,233.62,613.02,792.72,799.86,935.65,634.18,717.66,856.59,782.61,775.1,0.0,0.0
H538 Childcare/ CSafe Boiler:,1561.0,3018.0,2358.0,1747.0,2370.0,2101.0,4973.0,4974.0,4512.0,4094.88,2828.38,2734.14,1884.83,2015.87,3436.26,3949.22,4469.25,4575.97,5839.26,6329.28,5266.59,4746.62,3542.24,2814.59,2740.29,3526.37,4576.32,5402.11,5998.94,5046.88,5689.57,5723.71,4774.53,4765.12,0.0,0.0
H634 1 Arana MSB :,27736.59,35153.95,50402.48,45199.63,54997.15,49162.8,51920.74,55323.62,53956.61,33596.93,23738.3,27186.21,29394.11,32581.82,51400.0,51848.99,56205.31,52695.49,57448.26,60855.87,55694.66,55096.45,27958.59,12799.49,12089.92,10795.07,10491.9,0.0,0.0,0.0,0.0,0.0,0.0,0.0,0.0,0.0
H634 Arana Colombo Bates Accomodation:,2620.0,3745.0,5119.0,4142.0,5049.0,5036.0,5278.0,5650.0,5842.0,5871.8,3557.87,2701.64,3000.95,3587.02,5107.38,4746.49,5834.85,5655.12,6481.54,6333.48,5546.73,5736.98,3824.36,2407.26,2184.14,1900.06,2384.41,223.52,0.0,0.0,0.0,0.0,0.0,0.0,0.0,0.0
H634 Arana Denmead Ktichen H633:,8576.0,16293.0,22426.0,20234.0,23684.0,20732.0,20911.0,22816.0,21902.0,22528.91,13554.03,8237.81,10992.72,13832.51,22869.95,20066.46,23428.19,19801.7,20755.55,22149.54,21402.4,21577.66,8094.4,1942.37,1617.15,1594.5,1942.37,103.97,0.0,0.0,0.0,0.0,0.0,0.0,0.0,0.0
H634 Arana MSB DB:,4070.0,3115.0,4388.0,3960.0,5360.0,4791.0,5178.0,5334.0,5487.0,5558.3,3130.68,3751.86,3378.38,3133.97,4426.51,9252.07,5893.42,5744.18,6051.1,7359.62,5561.34,5488.48,2648.14,562.22,469.3,441.02,472.92,24.25,0.0,0.0,0.0,0.0,0.0,0.0,0.0,0.0
H634 G621 Arana Dempster House:,272.0,430.0,1172.0,1549.0,2723.0,2897.0,3390.0,3461.0,3323.0,2946.76,524.79,347.5,391.03,483.22,1320.81,1256.55,2416.71,2127.06,2800.22,3306.89,2620.53,2037.86,671.44,280.06,273.4,265.16,301.56,17.42,0.0,0.0,0.0,0.0,0.0,0.0,0.0,0.0
H634 G623 Arana Rawiri:,7258.0,5912.0,9464.0,8179.0,10100.0,8407.0,9374.0,10021.0,9713.0,10232.07,6367.32,7103.46,6015.06,5829.89,9577.5,8898.35,10291.55,11772.82,12945.14,13342.96,12592.24,12048.3,7115.6,3349.63,3284.11,2775.68,3079.38,157.09,0.0,0.0,0.0,0.0,0.0,0.0,0.0,0.0
H638 Arana Gym/Leithview:,4745.0,5101.0,7010.0,6451.0,7205.0,6576.0,6998.0,7196.0,6808.0,6995.84,5414.02,4643.42,5120.56,5060.2,6922.58,6504.79,7082.87,6422.83,6987.65,7106.76,6775.35,6949.79,4985.6,3856.11,3829.26,3327.87,3282.19,170.85,0.0,0.0,0.0,0.0,0.0,0.0,0.0,0.0
H711 Studholme DB Kitchen:,3011.0,4781.0,7206.0,5927.0,7302.0,6424.0,7583.0,8497.0,7766.0,8189.6,4652.63,3067.74,3216.58,5473.06,7411.3,7052.66,7892.2,6498.9,6769.41,7649.68,6679.77,7054.7,4846.77,3563.47,3247.36,5214.38,6780.83,6240.8,7516.51,6422.93,6342.74,7865.41,6874.85,7298.75,0.0,0.0
H711 Studholme DB1 West Wing:,95.0,470.0,951.0,1162.0,2354.0,2845.0,3372.0,2927.0,2548.0,2606.38,533.17,125.19,87.28,505.2,1302.29,2030.35,3009.29,2003.65,5228.33,4405.18,3638.6,3005.19,1754.8,522.16,200.22,516.24,2800.3,3243.25,4670.25,4247.63,3957.58,4800.05,3748.89,3465.17,0.0,0.0
H711 Studholme DB2 West Wing:,377.0,804.0,1302.0,1217.0,1531.0,2214.0,2558.0,3089.0,2542.0,2368.62,948.54,573.31,695.8,916.95,1413.94,1614.79,1597.71,1544.36,1821.32,2866.9,1982.23,2019.03,1117.61,779.27,758.2,1105.46,1596.86,2155.68,3152.68,2173.54,2604.82,3329.52,2599.14,1911.46,0.0,0.0
H711 Studholme Hostel Heating:,454.0,887.0,2227.0,3050.0,10849.0,14886.0,19797.0,17036.0,13226.0,10519.98,1624.68,510.72,223.61,641.34,3501.71,5851.62,11409.08,13210.75,18151.78,19289.18,9651.95,6470.27,2449.73,1145.6,185.31,851.09,3987.87,8021.9,21093.04,17007.2,20990.29,23043.44,15242.37,12767.39,0.0,0.0
H711 Studholme Hostel Lighting:,731.0,1647.0,2834.0,2355.0,3007.0,2488.0,2612.0,2722.0,2562.0,2535.94,1472.22,721.36,711.22,1506.2,2538.47,2255.2,2770.85,2300.29,2513.45,2686.79,2605.46,2474.04,1556.74,773.49,848.84,1574.91,2357.05,2339.65,2686.53,2243.38,2294.52,2608.74,2293.3,2400.38,0.0,0.0
H711 Studholme Hostel Power:,1097.0,1922.0,4561.0,4073.0,6146.0,5507.0,5994.0,6519.0,6049.0,5791.02,2704.18,1239.48,1232.07,2128.73,4511.05,3862.99,5483.36,4942.51,5559.64,6176.54,5325.01,5188.09,2821.92,1433.93,1273.63,2566.16,4906.26,4824.54,6291.3,4892.92,4798.34,6367.7,5343.04,5656.03,0.0,0.0
H711 Studholme Hostel Water Heating:,2051.0,3937.0,9755.0,8807.0,13168.0,10781.0,11735.0,13148.0,12359.0,13495.59,5144.09,2785.73,2350.94,4111.39,9619.64,9035.96,12181.07,10034.32,11566.5,14350.1,14362.19,14618.05,5787.49,2579.04,2394.27,5843.7,11806.77,12741.49,17714.72,12967.9,12882.88,17877.41,15117.31,16139.71,0.0,0.0
H711 Studholme Kitchen DHW:,817.0,1087.0,1727.0,1544.0,1943.0,1621.0,1430.0,1979.0,1799.0,1929.65,1092.1,873.04,836.68,1066.0,1716.74,1689.04,2003.63,1537.31,1855.32,1952.6,1936.75,1680.83,1062.16,918.82,848.74,1120.26,1815.98,1799.63,2298.3,1679.98,1780.42,2094.51,1870.64,1970.42,0.0,0.0
H711 Studholme Power & Light:,334.0,862.0,1304.0,2239.0,3572.0,5072.0,5493.0,4644.0,3836.0,3390.1,1307.69,725.13,477.24,2129.36,2943.52,3130.5,3287.54,4051.8,4149.96,5122.22,3624.89,2842.4,1855.06,1004.66,466.65,1816.1,2902.74,2832.06,4259.35,4517.52,4011.02,3644.62,3554.22,3712.1,0.0,0.0
J125 Carrington College dining and kitchen:,3805.0,11273.0,19294.0,19397.0,22787.0,23779.0,23852.0,22507.0,20914.0,19565.18,9264.26,4644.22,4726.78,9105.28,15732.99,14597.5,16376.83,19172.86,22311.42,22585.86,18804.74,18415.1,9639.3,4420.1,4614.91,10923.9,16527.23,17353.98,21156.1,18602.37,19674.5,20021.5,16702.85,16254.59,0.0,0.0
J127 Carrington College Jenkins:,2228.0,4469.0,7203.0,8068.0,11680.0,13407.0,15279.0,13723.0,12333.0,11610.87,5551.98,3458.25,1593.45,2903.34,4715.38,6676.82,9078.7,11874.22,11870.96,13832.7,10722.9,9261.73,5542.34,3301.22,2496.05,3552.5,7981.86,10154.94,15306.54,13436.21,13534.06,15239.82,12346.75,11928.54,0.0,0.0
J127 Carrington College Linton:,997.0,2336.0,5395.0,4883.0,6218.0,5503.0,5851.0,6189.0,5900.0,5936.95,2666.42,1406.83,1280.6,2269.87,5225.41,4852.54,6060.89,5026.92,5738.19,6281.14,5834.82,5786.88,2161.58,1171.14,1171.38,2741.2,5400.37,5327.37,6379.92,5448.05,5743.62,7080.9,6134.72,6291.78,0.0,0.0
J140 Aquinas College:,7888.0,10708.0,28855.0,33523.0,50061.0,58893.0,71137.0,63862.0,55597.0,49720.57,18997.5,10992.13,8262.91,11272.7,26624.26,28869.38,39459.33,42588.16,47153.41,50918.4,40298.75,36436.48,16100.1,6808.58,8767.49,17807.62,21448.45,0.0,0.0,0.0,0.0,0.0,0.0,0.0,0.0,0.0
J140 Aquinas DHW:,480.0,1000.0,4134.0,4061.0,6291.0,4566.0,5149.0,6454.0,5718.0,6108.93,1845.98,537.41,506.75,1442.18,5120.64,5170.72,6916.86,5383.62,5879.36,7692.61,7248.0,7264.19,2127.2,678.4,783.74,2254.85,3611.17,0.0,0.0,0.0,0.0,0.0,0.0,0.0,0.0,0.0
J140 Aquinas Kitchen:,3791.0,5154.0,10894.0,11501.0,13571.0,13298.0,15702.0,15551.0,15012.0,14597.63,6985.73,3587.33,3642.05,7028.74,12851.14,12686.91,15696.13,16030.85,18342.66,20503.04,16222.59,16640.0,8251.84,3873.92,3859.58,7431.68,9100.03,0.0,0.0,0.0,0.0,0.0,0.0,0.0,0.0,0.0
J141 Aquinas Priory:,1178.0,1542.0,2376.0,3909.0,8254.0,12910.0,14293.0,11514.0,8574.0,8234.43,1659.65,1447.9,880.13,2011.17,4686.02,6013.34,9211.81,11803.87,11683.01,10888.51,8049.54,7136.83,2864.45,1024.51,984.32,2028.42,2832.96,0.0,0.0,0.0,0.0,0.0,0.0,0.0,0.0,0.0
J142 Aquinas Gym:,59.0,0.0,0.0,0.0,0.0,0.0,0.0,5.0,9.0,0.62,5.59,90.65,113.8,0.0,0.0,0.0,0.0,0.0,0.0,2.5,4.5,0.31,2.8,45.32,0.0,0.0,0.0,0.0,0.0,0.0,0.0,0.0,0.0,0.0,0.0,0.0
K308 Caroline Freeman College DB81:,5766.0,11073.0,15248.0,13788.0,15609.0,13494.0,14055.0,14753.0,14818.0,14663.98,7557.5,4031.82,6130.85,11376.0,13540.05,12600.0,13880.5,12563.41,12445.3,14028.13,12521.2,12996.53,6837.95,3351.14,6105.09,9913.76,12009.73,10762.14,12344.58,10984.58,10990.4,12206.98,11621.82,11855.87,0.0,0.0
K308 Caroline Freeman College DB82:,1271.0,1817.0,2101.0,2038.0,3322.0,3541.0,4685.0,3230.0,2359.0,2429.58,1733.87,1257.75,1671.29,2278.49,2604.02,2478.67,2909.01,3584.48,3529.6,3296.52,2968.41,2841.09,2031.66,1066.29,1724.14,2199.8,2655.89,3065.27,2969.71,3619.88,3624.93,3229.14,2463.71,2513.23,0.0,0.0
K308 Caroline Freeman College DB83:,90.0,194.0,444.0,800.0,1315.0,1441.0,1669.0,1528.0,1479.0,1174.74,261.79,121.47,113.19,296.24,474.92,852.23,1121.26,1441.61,1559.16,1804.78,1287.0,813.13,299.41,116.7,125.43,437.57,864.12,1205.49,2137.1,1562.22,1485.75,2082.68,1596.13,1696.93,0.0,0.0
K308 Caroline Freeman College DB84:,7179.0,9211.0,8625.0,18167.0,26187.0,31936.0,34108.0,30856.0,28835.0,25643.58,8955.84,6289.89,4239.86,5323.23,9665.98,16773.39,17980.22,19002.21,23700.7,23661.76,17672.32,15625.28,12133.98,6762.91,5810.56,9578.02,13212.0,16252.22,23499.39,20803.71,22504.48,21880.96,20151.94,17382.21,0.0,0.0
K308 Caroline Freeman College DB85:,2481.0,3632.0,4163.0,6037.0,11093.0,13358.0,15478.0,12132.0,10650.0,9144.89,2970.1,2985.41,1557.82,2075.63,5036.16,7603.42,11110.74,11957.7,13989.02,13671.44,10519.2,8730.67,4750.69,2641.47,1607.98,2633.36,6766.88,9485.25,14049.49,13080.35,13987.28,13854.29,11344.43,10622.5,0.0,0.0
K308 Caroline Freeman College DB8:,1022.0,2122.0,3487.0,2894.0,3814.0,3097.0,3298.0,3899.0,3552.0,3770.24,1894.02,634.51,1044.12,2202.24,3417.86,3323.54,4356.3,3813.28,3795.67,4419.26,4029.14,3844.07,1902.36,853.66,1538.5,2317.25,3089.74,2897.08,3622.78,2665.87,2411.34,3434.9,2983.26,3237.03,0.0,0.0
XW00 Wellington School of Medicine Incomer 1:,51049.0,44726.0,46945.0,39120.0,35233.0,31532.0,30061.0,27768.0,26843.0,28339.46,28904.7,27498.24,27374.34,27105.79,26575.87,25829.12,28214.27,33819.14,28910.34,2049.54,16.9,14169.73,14452.35,13749.12,0.0,0.0,0.0,0.0,0.0,0.0,0.0,0.0,0.0,0.0,0.0,0.0
XW00 Wellington School of Medicine Incomer 2:,48691.0,42703.0,44905.0,37455.0,33853.0,30307.0,28926.0,26687.0,25798.0,27289.6,27675.9,26362.37,26263.3,25930.75,25491.46,24742.14,27060.99,32486.91,27905.28,66282.24,66667.52,9236.74,57678.85,369739.01,85172.73,83985.92,69996.03,64796.41,71891.71,65693.95,68380.41,64479.74,58550.53,75774.21,0.0,0.0
XW00 Wellington SoM 21 Chiller:,33610.0,26787.0,21192.0,10658.0,381.0,324.0,314.0,316.0,327.0,339.65,7199.17,6475.49,1389.57,1704.22,322.91,313.63,3107.1,723.84,329.41,349.22,574.85,85.63,310.14,291.81,18410.53,20910.27,9105.54,4504.86,7470.37,4780.13,5284.51,2352.96,311.33,1528.9,0.0,0.0
XW00 Wellington SoM 31 Sth Tower Rising Main:,6702.0,6370.0,7493.0,7074.0,6724.0,7661.0,6399.0,6642.0,5968.0,5815.14,6255.97,5901.73,6234.37,5884.48,5638.21,5934.56,5886.14,6237.34,4626.43,4371.33,4842.11,1898.5,5425.7,3386.3,2188.0,3968.06,4333.98,4660.51,4229.66,4080.0,4789.73,3994.66,4409.63,1089.47,0.0,0.0
XW00 Wellington SoM 41 Unlabelled - Bottom Right MSB:,6732.0,6325.0,7096.0,6854.0,7277.0,4258.0,6452.0,2370.0,3609.0,5426.24,3430.7,2869.98,3043.26,2990.43,3235.89,2353.01,3025.22,6216.8,6353.34,15106.1,11858.85,3551.66,5419.52,2696.03,2213.41,4880.93,5713.31,6296.06,9306.78,8630.21,9907.65,9728.26,8942.85,2189.73,0.0,0.0
