Gas_Consumption_RollingMean_3,Gas_Consumption_Lag_12,Building_Code_Encoded,Gas_Consumption_RollingMean_12,Gas_Consumption_Lag_1,Gas_Consumption_RollingMean_6,Gas_Consumption_Lag_2,Gas_Consumption_Lag_3,Gas_Consumption_Lag_6,Gas_Consumption
5095.033333333334,1964.35,0,7077.2891666666665,4020.78,8205.255,7918.79,11694.02,11724.72,3345.53
4502.106666666667,48.22,1,3632.7516666666666,4687.49,4528.59,4290.24,5045.01,5680.6,4528.59
8169.673333333332,0.0,2,11271.436666666666,7254.4,13316.678333333331,17254.62,21627.6,33051.58,0.0
9437.696666666667,6594.87,3,14813.591666666667,12390.85,16583.986666666668,3531.39,21509.44,27969.03,12390.85
3051.6299999999997,1459.92,4,3533.2016666666664,2919.83,4415.235,3953.94,5292.2,4805.56,2281.12
1007.0799999999996,368.44,5,1670.2758333333334,663.2,1719.4033333333334,1768.53,2358.04,2837.01,589.51
4504.910000000001,2794.93,6,5041.490833333333,4634.63,4876.39,4953.04,4457.74,5943.65,3927.06
22430.209999999992,72668.22,7,55191.0525,19069.22,42319.03666666667,30496.59,50627.18,50131.87,17724.82
61367.053333333344,39249.13,8,50784.42333333333,46780.08,46624.585,12551.58,1509.5,68762.31,124769.5
33836.81333333333,19770.67,9,67383.0175,18670.99,106320.27500000001,62315.05,131764.4,29371.76,20524.4
58.933333333333316,44.2,10,68.06666666666666,35.36,64.82666666666667,106.08,35.36,141.43,35.36
16583.168333333335,13878.24,11,17923.84875,16141.185,17750.0025,17449.455,18227.345,20755.48,16158.865
160290.3633333333,148.92,12,55144.53416666667,6304.39,87558.21833333334,40506.95,2779.89,46017.08,434059.75
789.6733333333333,265.19,13,1202.1924999999999,636.45,1249.3366666666668,1520.42,1838.65,2086.16,212.15
822.2966666666666,60.91,14,1027.8725,944.12,1071.0183333333334,1461.86,1370.5,1370.5,60.91
12989.25,2364.47,15,5744.8516666666665,3930.55,8229.596666666666,3838.43,3285.7,4084.09,31198.77
10912.41,27880.98,16,12337.090000000002,2682.82,22286.704999999998,2173.43,42049.0,8673.5,27880.98
2762.366666666667,1964.35,0,6990.325833333333,3345.53,6624.566666666667,4020.78,7918.79,10404.92,920.79
4687.246666666667,48.22,1,4032.5383333333334,4528.59,4753.575,4687.49,4290.24,3495.75,4845.66
2418.133333333333,0.0,2,11271.436666666666,0.0,9214.893333333332,7254.4,17254.62,24610.71,0.0
12390.85,6594.87,3,15296.590000000002,12390.85,14320.185,12390.85,3531.39,25973.66,12390.85
2068.213333333333,1459.92,4,3495.1825000000003,2281.12,3492.648333333333,2919.83,3953.94,6539.21,1003.69
491.2599999999997,368.44,5,1657.995,589.51,1627.2933333333333,663.2,1768.53,773.73,221.07
4328.016666666666,4457.74,6,5038.5425000000005,3927.06,4599.255,4634.63,4953.04,6085.17,4422.36
14587.893333333326,72668.22,7,49716.17083333333,17724.82,27713.456666666665,19069.22,30496.59,94603.12,6969.64
79289.80666666669,39249.13,8,53040.315833333334,124769.5,45115.003333333334,46780.08,12551.58,75377.33,66319.84
21218.31666666667,24214.51,9,67403.43833333334,20524.4,63189.23833333334,18670.99,62315.05,283245.78,24459.56
40.07333333333332,38.89,10,68.95083333333334,35.36,61.29,35.36,106.08,70.72,49.5
15327.938333333334,15274.905,11,17791.25375,16158.865,16860.145,16141.185,17449.455,19022.91,13683.765
160212.53,148.92,12,58488.244999999995,434059.75,91614.67333333334,6304.39,40506.95,15934.72,40273.45
495.0166666666666,565.74,13,1208.085,212.15,1060.7566666666667,636.45,1520.42,1767.93,636.45
375.6166666666666,121.82,14,1027.8725000000002,60.91,908.5883333333333,944.12,1461.86,1096.4,121.82
13306.56,2364.47,15,5947.009166666667,31198.77,8475.255,3930.55,3838.43,3316.41,4790.36
11093.526666666667,2716.78,16,12337.090000000002,27880.98,19799.835,2682.82,2173.43,17638.0,2716.78
1831.3466666666666,3990.09,0,6760.128333333334,920.79,4854.6050000000005,3345.53,4020.78,11847.49,1227.72
4491.806666666666,125.95,1,4363.806666666666,4845.66,4583.026666666666,4528.59,4687.49,5124.46,4101.17
406.78999999999996,1220.37,2,11271.436666666666,0.0,7892.831666666666,0.0,7254.4,9152.74,1220.37
9355.090000000002,5208.26,3,15136.199166666665,12390.85,10916.158333333335,12390.85,12390.85,23707.73,3283.57
1480.1933333333334,1733.65,4,3447.0258333333336,1003.69,2767.758333333333,2281.12,2919.83,5505.11,1155.77
393.0066666666664,736.89,5,1627.2908333333332,221.07,994.7983333333333,589.51,663.2,4163.41,368.44
4575.669999999999,5943.65,6,4991.370833333333,4422.36,4628.736666666667,3927.06,4634.63,5200.7,5377.59
9363.609999999991,11321.24,7,49055.76499999999,6969.64,21380.636666666665,17724.82,19069.22,41393.29,3396.37
82082.81666666667,3019.16,8,57385.31166666667,66319.84,51181.60166666666,124769.5,46780.08,18759.52,55159.11
24403.38666666667,22809.98,9,67854.79,24459.56,47660.100000000006,20524.4,18670.99,121401.03,28226.2
42.313333333333325,70.72,10,66.56416666666668,49.5,50.623333333333335,35.36,35.36,106.08,42.08
16272.603333333333,19288.1,11,17765.177083333332,13683.765,16772.6325,16158.865,16141.185,19500.255,18975.18
164096.1633333333,12183.65,12,58969.215000000004,40273.45,90313.28666666667,434059.75,6304.39,25763.61,17955.29
612.8799999999998,813.25,13,1222.8174999999999,636.45,972.36,212.15,636.45,1520.42,990.04
192.88333333333333,395.92,14,1027.8725000000002,121.82,725.855,60.91,944.12,1492.32,395.92
12784.533333333335,2610.13,15,5926.537500000001,4790.36,8234.713333333335,31198.77,3930.55,3807.72,2364.47
10232.586666666666,100.0,16,12337.090000000002,2716.78,12933.835000000001,27880.98,2682.82,41296.0,100.0
1422.11,4450.48,0,6565.739999999999,1227.72,3258.5716666666667,920.79,3345.53,11694.02,2117.82
6024.6466666666665,3019.06,1,4872.810833333334,4101.17,5263.376666666667,4845.66,4528.59,5045.01,9127.11
704.09,169.5,2,11331.636666666665,1220.37,4436.881666666666,0.0,0.0,21627.6,891.9
7176.366666666666,7744.75,3,14978.693333333335,3283.57,8307.031666666668,12390.85,12390.85,21509.44,5854.68
1439.64,1976.97,4,3462.2333333333336,1155.77,2245.6349999999998,1003.69,2281.12,5292.2,2159.46
503.5399999999997,884.26,5,1630.3616666666667,368.44,755.31,221.07,589.51,2358.04,921.11
5082.766666666666,5059.18,6,5023.801666666666,5377.59,4793.838333333333,4422.36,3927.06,4457.74,5448.35
4764.356666666657,5483.73,7,48926.0425,3396.37,13597.283333333333,6969.64,17724.82,50627.18,3927.06
58562.73666666667,89489.38,8,54445.301666666666,55159.11,59964.895,66319.84,124769.5,1509.5,54209.26
23319.12,26098.12,9,67119.24666666666,28226.2,28577.966666666678,24459.56,20524.4,131764.4,17271.6
41.606666666666655,70.72,10,63.44083333333334,42.08,50.26999999999999,49.5,35.36,35.36,33.24
16512.453333333335,17696.965,11,17696.964583333334,18975.18,16547.810833333333,13683.765,16158.865,18227.345,16878.415
20468.586666666644,8091.46,12,58559.67833333334,17955.29,90379.47499999999,40273.45,434059.75,2779.89,3177.02
836.8166666666665,707.17,13,1237.55,990.04,813.245,636.45,212.15,1838.65,883.96
385.77,1400.95,14,964.4241666666667,395.92,604.0333333333334,121.82,60.91,1370.5,639.57
3521.1200000000003,3899.85,15,5885.594166666667,2364.47,8255.185,4790.36,31198.77,3285.7,3408.53
938.9266666666667,0.0,16,12337.090000000002,100.0,5925.668333333334,2716.78,27880.98,42049.0,0.0
2680.52,6353.45,0,6427.620833333333,2117.82,2721.4433333333336,1227.72,920.79,7918.79,4696.02
6929.099999999999,3376.58,1,5221.3475,9127.11,5808.173333333333,4101.17,4845.66,4290.24,7559.02
2750.8933333333334,6237.43,2,11323.551666666666,891.9,2584.513333333333,1220.37,0.0,17254.62,6140.41
7589.393333333333,13697.05,3,14973.1,5854.68,9990.121666666668,3283.57,12390.85,3531.39,13629.93
2463.61,2828.59,4,3566.150833333333,2159.46,2265.911666666667,1155.77,1003.69,3953.94,4075.6
896.5433333333331,2394.88,5,1547.4616666666668,921.11,693.9016666666666,368.44,221.07,1768.53,1400.08
5389.383333333334,4634.63,6,5082.766666666667,5448.35,4858.7,5377.59,4422.36,4953.04,5342.21
3962.4366666666574,118554.63,7,39426.81333333333,3927.06,9275.165,3396.37,6969.64,30496.59,4563.88
71883.24333333333,119036.48,8,53382.375,54209.26,75586.52500000001,55159.11,66319.84,12551.58,106281.36
23932.91333333333,34922.05,9,66400.82083333335,17271.6,22575.61500000001,28226.2,24459.56,62315.05,26300.94
45.84999999999999,70.72,10,62.73333333333333,33.24,42.961666666666666,42.08,49.5,106.08,62.23
18439.49666666667,17573.21,11,17854.605,16878.415,16883.7175,18975.18,13683.765,17449.455,19464.895
7408.136666666647,14098.01,12,57475.8525,3177.02,83810.33333333333,17955.29,40273.45,40506.95,1092.1
1119.6866666666665,1520.42,13,1234.6033333333332,883.96,807.3516666666668,990.04,636.45,1520.42,1485.06
588.8066666666667,1126.85,14,931.4308333333335,639.57,482.21166666666664,395.92,121.82,1461.86,730.93
3111.6866666666665,3254.99,15,5911.183333333333,3408.53,8209.123333333333,2364.47,4790.36,3838.43,3562.06
33.333333333333336,0.0,16,12337.090000000002,0.0,5563.43,100.0,2716.78,2173.43,0.0
4164.013333333333,7212.85,0,6299.733333333334,4696.02,2997.6800000000003,2117.82,1227.72,4020.78,5678.2
8979.686666666666,4171.07,1,5728.169166666667,7559.02,6735.746666666667,9127.11,4101.17,4687.49,10252.93
7032.313333333333,14678.29,2,11272.413333333332,6140.41,3719.5516666666663,891.9,1220.37,7254.4,14064.63
10718.083333333334,17045.22,3,14608.468333333332,13629.93,10036.586666666668,5854.68,3283.57,12390.85,12669.64
3588.963333333333,3102.32,4,3685.2766666666666,4075.6,2534.5783333333334,2159.46,1155.77,2919.83,4531.83
1375.5199999999995,2505.41,5,1489.125,1400.08,884.2633333333333,921.11,368.44,663.2,1805.37
5365.796666666666,5200.7,6,5091.610833333333,5342.21,4970.733333333334,5448.35,5377.59,4634.63,5306.83
4151.123333333324,150218.72,7,27238.789166666666,4563.88,6757.366666666668,3927.06,3396.37,19069.22,3962.43
60993.9,10109.11,8,54414.20583333333,106281.36,71538.35833333332,54209.26,55159.11,46780.08,22491.08
23570.626666666667,33258.14,9,65890.92083333334,26300.94,23987.00666666668,17271.6,28226.2,18670.99,27139.34
45.96666666666666,35.36,10,63.3225,62.23,44.13999999999999,33.24,42.08,35.36,42.43
18255.041666666668,17997.51,11,17889.96375,19464.895,17263.8225,16878.415,18975.18,16141.185,18421.815
5328.119999999981,55845.98,12,53798.29083333333,1092.1,84712.14166666666,3177.02,17955.29,6304.39,11715.24
1367.1966666666665,1237.55,13,1275.855,1485.06,990.0383333333333,883.96,990.04,636.45,1732.57
771.54,1492.32,14,885.7475,730.93,482.21166666666664,639.57,395.92,944.12,944.12
3879.3733333333334,3347.11,15,6021.218333333333,3562.06,8331.953333333333,3408.53,2364.47,3930.55,4667.53
1086.7133333333334,2834.57,16,12372.554166666667,0.0,5659.650000000001,0.0,100.0,2682.82,3260.14
5957.406666666667,11724.72,0,5947.506666666667,5678.2,3689.758333333333,4696.02,2117.82,3345.53,7498.0
8446.65,5680.6,1,5882.119166666667,10252.93,7235.6483333333335,7559.02,9127.11,4528.59,7528.0
16038.679999999998,33051.58,2,10844.031666666666,14064.63,8371.385,6140.41,891.9,0.0,27911.0
14542.19,27969.03,3,13721.632500000002,12669.64,10859.278333333334,13629.93,5854.68,12390.85,17327.0
4469.143333333333,4805.56,4,3684.8133333333335,4531.83,2954.3916666666664,4075.6,2159.46,2281.12,4800.0
1945.1499999999996,2837.01,5,1471.8741666666665,1805.37,1224.345,1400.08,921.11,589.51,2630.0
5082.763333333333,5943.65,6,4979.577499999999,5306.83,5082.765,5342.21,5448.35,3927.06,4599.25
4217.1033333333235,50131.87,7,23404.88333333333,3962.43,4490.7300000000005,4563.88,3927.06,17724.82,4125.0
73541.14666666667,68762.31,8,56338.263333333336,22491.08,66051.94166666667,106281.36,54209.26,124769.5,91851.0
27167.716666666664,29371.76,9,65781.84666666666,27139.34,25243.418333333346,26300.94,17271.6,20524.4,28062.87
40.896666666666654,141.43,10,53.03916666666667,42.43,41.251666666666665,62.23,33.24,35.36,18.03
19160.225000000002,20755.48,11,17793.170833333334,18421.815,17836.33916666667,19464.895,16878.415,16158.865,19593.965
22244.113333333313,46017.08,12,54457.28416666667,11715.24,21356.350000000002,1092.1,3177.02,434059.75,53925.0
1650.0666666666664,2086.16,13,1246.3891666666666,1732.57,1243.4416666666666,1485.06,883.96,212.15,1732.57
895.0166666666665,1370.5,14,855.7058333333333,944.12,640.3933333333333,730.93,639.57,60.91,1010.0
4265.863333333334,4084.09,15,6061.544166666667,4667.53,3893.4916666666663,3562.06,3408.53,31198.77,4568.0
1485.0466666666664,8673.5,16,11749.345833333333,3260.14,1211.9866666666667,0.0,0.0,27880.98,1195.0
7256.400000000001,10404.92,0,5796.513333333333,7498.0,4968.46,5678.2,4696.02,920.79,8593.0
8446.643333333333,3495.75,1,6220.723333333334,7528.0,7687.871666666667,10252.93,7559.02,4845.66,7559.0
21927.543333333335,24610.71,2,10777.055833333332,27911.0,12339.218333333332,14064.63,6140.41,0.0,23807.0
16853.88,25973.66,3,13270.910833333333,17327.0,12221.636666666667,12669.64,13629.93,12390.85,20565.0
5016.61,6539.21,4,3616.379166666667,4800.0,3740.11,4531.83,4075.6,1003.69,5718.0
2272.7899999999995,773.73,5,1605.9799999999998,2630.0,1584.6666666666667,1805.37,1400.08,221.07,2383.0
4917.663333333334,6085.17,6,4876.389166666667,4599.25,5153.5233333333335,5306.83,5342.21,4422.36,4846.91
4090.476666666657,94603.12,7,15869.956666666667,4125.0,4026.456666666667,3962.43,4563.88,6969.64,4184.0
50212.02666666667,75377.33,8,53081.31916666666,91851.0,61047.635,22491.08,106281.36,66319.84,36294.0
28464.683333333334,283245.78,9,44694.01833333333,28062.87,26198.798333333343,27139.34,26300.94,24459.56,30191.84
43.72666666666666,70.72,10,53.03916666666667,18.03,44.788333333333334,42.43,62.23,49.5,70.72
19607.995,19022.91,11,17941.945416666666,19593.965,19023.745833333334,18421.815,19464.895,13683.765,20808.205
28175.746666666644,15934.72,12,54703.3075,53925.0,17791.941666666666,11715.24,1092.1,40273.45,18887.0
1909.363333333333,1767.93,13,1287.6408333333331,1732.57,1514.5249999999999,1732.57,1485.06,636.45,2262.95
908.04,1096.4,14,828.5058333333333,1010.0,748.4233333333333,944.12,730.93,121.82,770.0
4506.176666666667,3316.41,15,6142.093333333333,4568.0,3808.931666666666,4667.53,3562.06,4790.36,4283.0
1576.7133333333331,17638.0,16,10302.429166666667,1195.0,805.0233333333332,3260.14,0.0,2716.78,275.0
8423.0,11847.49,0,5574.055833333333,8593.0,6293.506666666667,7498.0,5678.2,1227.72,9178.0
8096.333333333333,5124.46,1,6560.518333333333,7559.0,8538.01,7528.0,10252.93,4101.17,9202.0
25045.0,9152.74,2,11965.744166666665,23807.0,16038.656666666668,27911.0,14064.63,1220.37,23417.0
20190.0,23707.73,3,13185.1,20565.0,15454.041666666666,17327.0,12669.64,3283.57,22678.0
5322.666666666667,5505.11,4,3611.786666666667,5718.0,4455.815,4800.0,4531.83,1155.77,5450.0
3216.6666666666665,4163.41,5,1645.4458333333332,2383.0,2296.0933333333332,2630.0,1805.37,368.44,4637.0
4410.566666666667,5200.7,6,4758.4591666666665,4846.91,4888.181666666667,4599.25,5306.83,5377.59,3785.54
4122.99999999999,41393.29,7,12758.849166666667,4184.0,4137.061666666667,4125.0,3962.43,3396.37,4060.0
59943.666666666664,18759.52,8,55825.1925,36294.0,60468.78333333333,91851.0,22491.08,55159.11,51686.0
164718.80666666667,121401.03,9,70902.40833333333,30191.84,94144.71666666667,28062.87,27139.34,28226.2,435901.71
43.72666666666666,106.08,10,47.73499999999999,70.72,44.846666666666664,18.03,42.43,42.08,42.43
20576.835000000003,19500.255,11,18094.28541666667,20808.205,19415.938333333335,19593.965,18421.815,18975.18,21328.335
29452.333333333314,25763.61,12,53851.756666666675,18887.0,17390.226666666666,53925.0,11715.24,17955.29,15545.0
1826.86,1520.42,13,1284.6941666666667,2262.95,1597.0283333333334,1732.57,1732.57,990.04,1485.06
900.0,1492.32,14,780.8125,770.0,835.77,1010.0,944.12,395.92,920.0
4372.333333333333,3807.72,15,6180.283333333333,4283.0,4125.8533333333335,4568.0,4667.53,2364.47,4266.0
14255.333333333334,41296.0,16,10302.429166666667,275.0,7671.0233333333335,1195.0,3260.14,100.0,41296.0
7847.0,11694.02,0,5080.3875,9178.0,6902.203333333334,8593.0,7498.0,2117.82,5770.0
8699.333333333334,5045.01,1,6918.184166666667,9202.0,8572.991666666667,7559.0,7528.0,9127.11,9337.0
21165.0,21627.6,2,11519.360833333332,23417.0,18601.84,23807.0,27911.0,891.9,16271.0
19670.333333333332,21509.44,3,12706.646666666667,22678.0,17106.26166666667,20565.0,17327.0,5854.68,15768.0
4919.0,5292.2,4,3469.853333333334,5450.0,4694.071666666667,5718.0,4800.0,2159.46,3589.0
2929.6666666666665,2358.04,5,1596.3591666666664,4637.0,2437.4083333333333,2383.0,2630.0,921.11,1769.0
4127.536666666667,4457.74,6,4699.494166666666,3785.54,4605.150000000001,4846.91,4599.25,5448.35,3750.16
3915.3333333333235,50627.18,7,8831.750833333334,4060.0,4066.2183333333337,4184.0,4125.0,3927.06,3502.0
29586.666666666668,1509.5,8,55764.400833333326,51686.0,51563.90666666667,36294.0,91851.0,54209.26,780.0
203804.74666666667,131764.4,9,72032.09916666667,435901.71,115486.23166666669,30191.84,28062.87,17271.6,145320.69
48.44333333333333,35.36,10,47.47,42.43,44.669999999999995,70.72,18.03,33.24,32.18
20602.06166666667,18227.345,11,18214.477083333335,21328.335,19881.143333333333,20808.205,19593.965,16878.415,19669.645
11556.333333333314,2779.89,12,53639.849166666674,15545.0,16900.22333333333,18887.0,53925.0,3177.02,237.0
1708.9966666666667,1838.65,13,1246.3883333333333,1485.06,1679.5316666666665,2262.95,1732.57,883.96,1378.98
817.0,1370.5,14,730.0208333333334,920.0,856.0083333333333,770.0,1010.0,639.57,761.0
4047.3333333333335,3285.7,15,6205.891666666666,4266.0,4156.598333333332,4283.0,4568.0,3408.53,3593.0
27873.333333333332,42049.0,16,10302.429166666667,41296.0,14679.19,275.0,1195.0,0.0,42049.0
6902.0,7918.79,0,4900.321666666667,5770.0,7079.2,9178.0,8593.0,4696.02,5758.0
9393.0,4290.24,1,7363.9975,9337.0,8919.821666666667,9202.0,7559.0,7559.02,9640.0
18780.333333333332,17254.62,2,11469.225833333332,16271.0,20353.938333333335,23417.0,23807.0,6140.41,16653.0
17486.0,3531.39,3,13580.030833333332,15768.0,17169.940000000002,22678.0,20565.0,13629.93,14012.0
4378.666666666667,3953.94,4,3481.775,3589.0,4697.638333333333,5450.0,5718.0,4075.6,4097.0
2600.9999999999995,1768.53,5,1565.3983333333333,1769.0,2436.895,4637.0,2383.0,1400.08,1397.0
3372.786666666667,4953.04,6,4501.962500000001,3750.16,4145.224999999999,3785.54,4846.91,5342.21,2582.66
3414.9999999999905,30496.59,7,6513.951666666668,3502.0,3752.7383333333332,4060.0,4184.0,4563.88,2683.0
21482.0,12551.58,8,55716.769166666665,780.0,35847.013333333336,51686.0,36294.0,106281.36,11980.0
220294.94666666668,62315.05,9,73477.71500000001,145320.69,124379.81500000002,435901.71,30191.84,26300.94,79662.44
53.74666666666665,106.08,10,45.84916666666666,32.18,48.73666666666667,42.43,70.72,62.23,86.63
19880.671666666665,17449.455,11,18314.025416666667,19669.645,19744.333333333332,21328.335,20808.205,19464.895,18644.035
5463.666666666647,40506.95,12,50315.02,237.0,16819.706666666665,15545.0,18887.0,1092.1,609.0
1414.34,1520.42,13,1234.6016666666667,1378.98,1661.8516666666665,1485.06,2262.95,1485.06,1378.98
854.0,1461.86,14,681.6158333333334,761.0,881.02,920.0,770.0,730.93,881.0
3947.3333333333335,3838.43,15,6217.939166666667,3593.0,4226.755,4266.0,4283.0,3562.06,3983.0
30724.736666666664,2173.43,16,10857.077500000001,42049.0,16150.725,41296.0,275.0,0.0,8829.21
5276.0,4020.78,0,4923.59,5758.0,6849.5,5770.0,9178.0,5678.2,4300.0
8568.333333333334,4687.49,1,7534.040000000001,9640.0,8332.333333333334,9337.0,9202.0,10252.93,6728.0
15696.333333333334,7254.4,2,12045.109166666667,16653.0,20370.666666666668,16271.0,23417.0,14064.63,14165.0
14220.666666666666,12390.85,3,13620.960000000001,14012.0,17205.333333333332,15768.0,22678.0,12669.64,12882.0
3383.6666666666665,2919.83,4,3443.8725,4097.0,4353.166666666667,3589.0,5450.0,4531.83,2465.0
1399.333333333333,663.2,5,1596.131666666667,1397.0,2308.0,1769.0,4637.0,1805.37,1032.0
3136.9266666666663,4634.63,6,4372.24,2582.66,3773.7466666666664,3750.16,3785.54,5306.83,3077.96
3607.3333333333235,19069.22,7,5311.266666666667,2683.0,3865.1666666666665,3502.0,4060.0,3962.43,4637.0
4999.666666666667,46780.08,8,52005.012500000004,11980.0,32471.666666666668,780.0,51686.0,22491.08,2239.0
126177.56333333334,18670.99,9,84717.59583333334,79662.44,145448.18500000003,145320.69,435901.71,27139.34,153549.56
78.96999999999998,35.36,10,52.744166666666665,86.63,61.34833333333333,32.18,42.43,42.43,118.1
18529.600000000002,16141.185,11,18408.52,18644.035,19553.217500000002,19669.645,21328.335,18421.815,17275.12
2838.333333333314,6304.39,12,50428.737499999996,609.0,16145.333333333334,237.0,15545.0,11715.24,7669.0
1202.1899999999998,636.45,13,1252.2816666666665,1378.98,1514.5249999999999,1378.98,1485.06,1732.57,848.61
740.3333333333334,944.12,14,651.1891666666667,881.0,820.1666666666666,761.0,920.0,944.12,579.0
5219.0,3930.55,15,6563.81,3983.0,4795.666666666667,3593.0,4266.0,4667.53,8081.0
18137.403333333332,2682.82,16,10928.009166666665,8829.21,16196.368333333332,42049.0,41296.0,3260.14,3534.0
4461.0,3345.53,0,4921.879166666667,4300.0,6154.0,5758.0,5770.0,7498.0,3325.0
7019.0,4528.59,1,7547.4075,6728.0,7859.166666666667,9640.0,9337.0,7528.0,4689.0
10272.666666666666,0.0,2,12045.109166666667,14165.0,15718.833333333334,16653.0,16271.0,27911.0,0.0
11826.333333333334,12390.85,3,13303.805833333332,12882.0,15748.333333333334,14012.0,15768.0,17327.0,8585.0
2904.0,2281.12,4,3432.9458333333337,2465.0,3911.5,4097.0,3589.0,4800.0,2150.0
1057.6666666666663,589.51,5,1609.0058333333334,1032.0,1993.6666666666667,1397.0,1769.0,2630.0,744.0
2441.1433333333334,3927.06,6,4183.5525,3077.96,3284.3399999999997,2582.66,3750.16,4599.25,1662.81
3100.3333333333235,17724.82,7,3999.281666666667,4637.0,3507.8333333333335,2683.0,3502.0,4125.0,1981.0
41222.333333333336,124769.5,8,50728.22083333333,2239.0,35404.5,11980.0,780.0,91851.0,109448.0
83865.09666666666,20524.4,9,84539.17,153549.56,143834.9216666667,79662.44,145320.69,28062.87,18383.29
85.9233333333333,35.36,10,54.217499999999994,118.1,67.18333333333334,86.63,32.18,18.03,53.04
16877.906666666666,16158.865,11,18288.161666666667,17275.12,18739.984166666665,18644.035,19669.645,19593.965,14714.565
4407.333333333314,434059.75,12,14669.091666666673,7669.0,7981.833333333333,609.0,237.0,53925.0,4944.0
848.6066666666666,212.15,13,1261.1216666666667,848.61,1278.8016666666665,1378.98,1378.98,1732.57,318.23
506.97,60.91,14,651.1891666666667,579.0,661.985,881.0,761.0,1010.0,60.91
8551.0,31198.77,15,5096.329166666666,8081.0,6299.166666666667,3983.0,3593.0,4568.0,13589.0
13414.730000000001,27880.98,16,10928.009166666669,3534.0,20644.031666666666,8829.21,42049.0,1195.0,27880.98
3162.6666666666665,920.79,0,5000.3966666666665,3325.0,5032.333333333333,4300.0,5758.0,8593.0,1863.0
4621.3133333333335,4845.66,1,7347.514166666668,4689.0,7007.156666666666,6728.0,9640.0,7559.0,2446.94
4721.666666666667,0.0,2,12045.109166666667,0.0,11751.0,14165.0,16653.0,23807.0,0.0
8761.666666666666,12390.85,3,12672.735,8585.0,13123.833333333334,12882.0,14012.0,20565.0,4818.0
2009.3333333333333,1003.69,4,3467.0550000000003,2150.0,3194.0,2465.0,4097.0,5718.0,1413.0
626.9999999999997,221.07,5,1599.3333333333333,744.0,1614.0,1032.0,1397.0,2383.0,105.0
1934.0466666666664,4422.36,6,3903.47,1662.81,2653.4166666666665,3077.96,2582.66,4846.91,1061.37
2843.3333333333235,6969.64,7,3577.8116666666665,1981.0,3129.1666666666665,4637.0,2683.0,4184.0,1912.0
82557.33333333333,66319.84,8,56533.65083333334,109448.0,52019.666666666664,2239.0,11980.0,36294.0,135985.0
65351.70333333333,24459.56,9,84511.06166666666,18383.29,142823.32500000004,153549.56,79662.44,30191.84,24122.26
66.47666666666665,49.5,10,52.449999999999996,53.04,60.11166666666666,118.1,86.63,70.72,28.29
15823.586666666668,13683.765,11,18437.9375,14714.565,17852.12916666667,17275.12,18644.035,20808.205,15481.075
6320.333333333314,40273.45,12,11841.97083333334,4944.0,5892.0,7669.0,609.0,18887.0,6348.0
612.8833333333332,636.45,13,1264.0683333333332,318.23,1013.6116666666667,848.61,1378.98,2262.95,671.81
253.91,121.82,14,651.1891666666667,60.91,553.955,579.0,881.0,770.0,121.82
14327.333333333334,4790.36,15,6473.1325,13589.0,9137.333333333334,8081.0,3983.0,4283.0,21312.0
11377.253333333334,2716.78,16,10928.009166666669,27880.98,21050.995,3534.0,8829.21,275.0,2716.78
2374.0,1227.72,0,5059.253333333333,1863.0,3825.0,3325.0,4300.0,9178.0,1934.0
4636.3133333333335,4101.17,1,7570.166666666667,2446.94,6602.323333333334,4689.0,6728.0,9202.0,6773.0
406.78999999999996,1220.37,2,12045.109166666667,0.0,8051.561666666667,0.0,14165.0,23417.0,1220.37
6451.666666666667,3283.57,3,12895.104166666666,4818.0,10336.166666666666,8585.0,12882.0,22678.0,5952.0
1527.0,1155.77,4,3455.5741666666668,1413.0,2455.3333333333335,2150.0,2465.0,5450.0,1018.0
343.33333333333303,368.44,5,1583.7133333333331,105.0,871.3333333333334,744.0,1032.0,4637.0,181.0
1521.2933333333333,5377.59,6,3608.6458333333335,1061.37,2329.11,1662.81,3077.96,3785.54,1839.7
1599.666666666657,3396.37,7,3370.2808333333337,1912.0,2603.5,1981.0,4637.0,4060.0,906.0
117142.0,55159.11,8,60769.80833333333,135985.0,61070.833333333336,109448.0,2239.0,51686.0,105993.0
22203.166666666668,28226.2,9,84167.54083333333,24122.26,74190.36500000002,18383.29,153549.56,435901.71,24103.95
35.83333333333332,42.08,10,51.12416666666667,28.29,57.401666666666664,53.04,118.1,42.43,26.17
15486.068333333335,18975.18,11,18211.88625,15481.075,17007.834166666667,14714.565,17275.12,21328.335,16262.565
5901.333333333314,17955.29,12,10880.030000000006,6348.0,4369.833333333333,4944.0,7669.0,15545.0,6412.0
742.5299999999997,990.04,13,1284.6941666666667,671.81,972.36,318.23,848.61,1485.06,1237.55
130.91,395.92,14,635.6958333333333,121.82,435.62166666666667,60.91,579.0,920.0,210.0
18507.0,2364.47,15,7994.426666666666,21312.0,11863.0,13589.0,8081.0,4266.0,20620.0
10232.586666666666,100.0,16,10928.009166666669,2716.78,14184.995,27880.98,3534.0,41296.0,100.0
2449.0,2117.82,0,5178.6016666666665,1934.0,3455.0,1863.0,3325.0,5770.0,3550.0
6298.646666666667,9127.11,1,7615.907500000001,6773.0,6658.823333333334,2446.94,4689.0,9337.0,9676.0
583.6899999999999,891.9,2,12015.009166666669,1220.37,5428.178333333333,0.0,0.0,16271.0,530.7
7444.0,5854.68,3,13370.714166666667,5952.0,9635.166666666666,4818.0,8585.0,15768.0,11562.0
1321.3333333333333,2159.46,4,3403.369166666667,1018.0,2112.6666666666665,1413.0,2150.0,3589.0,1533.0
1199.9999999999998,921.11,5,1783.1208333333332,181.0,1128.8333333333333,105.0,744.0,1769.0,3314.0
1332.6066666666666,5448.35,6,3246.0124999999994,1839.7,1886.875,1061.37,1662.81,3750.16,1096.75
1253.9999999999902,3927.06,7,3121.6924999999997,906.0,2177.1666666666665,1912.0,1981.0,3502.0,944.0
103241.0,54209.26,8,61897.78666666666,105993.0,72231.66666666667,135985.0,109448.0,780.0,67745.0
34252.77,17271.6,9,87272.5825,24103.95,59058.93333333335,24122.26,18383.29,145320.69,54532.1
30.646666666666658,33.24,10,51.4775,26.17,58.285,28.29,53.04,32.18,37.48
16619.88,16878.415,11,18315.018333333333,16262.565,16748.893333333333,15481.075,14714.565,19669.645,18116.0
6131.413333333313,3177.02,12,11084.79833333334,6412.0,5269.373333333333,6348.0,4944.0,237.0,5634.24
1020.6466666666664,883.96,13,1307.0791666666667,1237.55,934.6266666666667,671.81,318.23,1378.98,1152.58
341.27333333333337,639.57,14,640.065,210.0,424.12166666666667,121.82,60.91,761.0,692.0
15100.333333333334,3408.53,15,7991.1325,20620.0,11825.666666666666,21312.0,13589.0,3593.0,3369.0
938.9266666666667,0.0,16,10928.009166666669,100.0,7176.828333333334,2716.78,27880.98,42049.0,0.0
3546.6666666666665,4696.02,0,5216.933333333333,3550.0,3354.6666666666665,1934.0,1863.0,5758.0,5156.0
8080.666666666667,7559.02,1,7635.405833333334,9676.0,6350.990000000001,6773.0,2446.94,9640.0,7793.0
4071.3566666666666,6140.41,2,12375.225,530.7,4396.511666666666,1220.37,0.0,16653.0,10463.0
9960.666666666666,13629.93,3,13265.553333333335,11562.0,9361.166666666666,5952.0,4818.0,14012.0,12368.0
1656.6666666666667,4075.6,4,3265.3191666666667,1533.0,1833.0,1018.0,1413.0,4097.0,2419.0
1797.493333333333,1400.08,5,1824.5708333333334,3314.0,1212.2466666666667,181.0,105.0,1397.0,1897.48
1544.88,5342.21,6,2942.3441666666663,1096.75,1739.4633333333334,1839.7,1061.37,2582.66,1698.19
1097.3333333333237,4563.88,7,2861.5358333333334,944.0,1970.3333333333333,906.0,1912.0,2683.0,1442.0
92748.0,106281.36,8,61749.84,67745.0,87652.66666666667,105993.0,135985.0,11980.0,104506.0
35131.47666666667,26300.94,9,87310.7025,54532.1,50241.59000000002,24103.95,24122.26,79662.44,26758.38
44.78999999999999,62.23,10,52.185,37.48,55.633333333333326,26.17,28.29,86.63,70.72
17240.166666666668,19464.895,11,18138.105,18116.0,16531.876666666667,16262.565,15481.075,18644.035,17341.935
6547.096666666647,1092.1,12,11626.710833333338,5634.24,6433.715,6412.0,6348.0,609.0,7595.05
1261.1199999999997,1485.06,13,1299.4266666666665,1152.58,937.0016666666667,1237.55,671.81,1378.98,1393.23
532.6666666666666,730.93,14,637.1541666666667,692.0,393.28833333333336,210.0,121.82,881.0,696.0
9217.333333333334,3562.06,15,7999.544166666667,3369.0,11772.333333333334,20620.0,21312.0,3983.0,3663.0
33.333333333333336,0.0,16,10928.009166666669,0.0,5705.293333333334,100.0,2716.78,8829.21,0.0
5048.333333333333,5678.2,0,5280.333333333333,5156.0,3711.1666666666665,3550.0,1934.0,4300.0,6439.0
9519.666666666666,10252.93,1,7705.161666666667,7793.0,7077.990000000001,9676.0,6773.0,6728.0,11090.0
11973.233333333332,14064.63,2,13280.339166666667,10463.0,6190.011666666666,530.7,1220.37,14165.0,24926.0
14629.333333333334,12669.64,3,13872.916666666666,12368.0,10540.5,11562.0,5952.0,12882.0,19958.0
2370.6666666666665,4531.83,4,3151.0,2419.0,1948.8333333333333,1533.0,1018.0,2465.0,3160.0
2694.16,1805.37,5,1913.3733333333337,1897.48,1518.7466666666667,3314.0,181.0,1032.0,2871.0
1521.2933333333333,5306.83,6,2647.52,1698.19,1521.2933333333333,1096.75,1839.7,3077.96,1768.94
1125.3333333333237,3962.43,7,2613.8333333333335,1442.0,1362.5,944.0,906.0,4637.0,990.0
60138.666666666664,22491.08,8,60556.0,104506.0,88640.33333333333,67745.0,105993.0,2239.0,8165.0
35376.43,27139.34,9,87118.99166666667,26758.38,28789.798333333354,54532.1,24103.95,153549.56,24838.81
47.853333333333325,42.43,10,51.59583333333334,70.72,41.843333333333334,37.48,26.17,118.1,35.36
18026.031666666666,18421.815,11,18154.63375,17341.935,16756.05,18116.0,16262.565,17275.12,18620.16
5877.763333333314,11715.24,12,11017.44083333334,7595.05,5889.548333333333,5634.24,6412.0,7669.0,4404.0
1426.1266666666663,1732.57,13,1299.4266666666665,1393.23,1084.3283333333331,1152.58,1237.55,848.61,1732.57
787.3333333333334,944.12,14,639.6441666666667,696.0,459.12166666666667,692.0,210.0,579.0,974.0
4276.666666666667,4667.53,15,8093.75,3663.0,11391.833333333334,3369.0,20620.0,8081.0,5798.0
803.0,3260.14,16,10857.080833333333,0.0,5517.793333333334,0.0,100.0,3534.0,2409.0
6447.333333333333,7498.0,0,5301.083333333333,6439.0,4448.166666666667,5156.0,3550.0,3325.0,7747.0
8723.0,7528.0,1,7684.995,11090.0,7510.823333333334,7793.0,9676.0,4689.0,7286.0
22498.333333333332,27911.0,2,13629.9225,24926.0,11541.011666666667,10463.0,530.7,0.0,32106.0
18568.0,17327.0,3,14377.166666666666,19958.0,13006.0,12368.0,11562.0,8585.0,23378.0
2889.3333333333335,4800.0,4,3008.4166666666665,3160.0,2105.3333333333335,2419.0,1533.0,2150.0,3089.0
2775.16,2630.0,5,1990.6233333333337,2871.0,1987.58,1897.48,3314.0,744.0,3557.0
1568.4633333333334,4599.25,6,2367.4375,1768.94,1450.535,1698.19,1096.75,1662.81,1238.26
1320.666666666657,4125.0,7,2397.5833333333335,990.0,1287.3333333333333,1442.0,944.0,1981.0,1530.0
60478.666666666664,91851.0,8,58632.166666666664,8165.0,81859.83333333333,104506.0,67745.0,109448.0,68765.0
26364.796666666665,28062.87,9,87071.8525,24838.81,30308.78333333335,26758.38,54532.1,18383.29,27497.2
37.48,18.03,10,50.623333333333335,35.36,34.06333333333333,70.72,37.48,53.04,6.36
18832.566666666666,19593.965,11,18233.10375,18620.16,17726.22333333333,17341.935,18116.0,14714.565,20535.605
20656.69666666665,53925.0,12,10687.944166666673,4404.0,13394.055,7595.05,5634.24,4944.0,49971.04
1643.0299999999997,1732.57,13,1305.32,1732.57,1331.8383333333334,1393.23,1152.58,318.23,1803.29
863.0,1010.0,14,632.0608333333333,974.0,602.1366666666667,696.0,692.0,60.91,919.0
14454.666666666666,4568.0,15,10538.333333333334,5798.0,14777.5,3663.0,3369.0,13589.0,33903.0
6187.0,1195.0,16,12103.4975,2409.0,3562.963333333333,0.0,0.0,27880.98,16152.0
7032.0,8593.0,0,5160.833333333333,7747.0,5289.333333333333,6439.0,5156.0,1863.0,6910.0
7825.0,7559.0,1,7479.995,7286.0,7952.833333333333,11090.0,7793.0,2446.94,5099.0
26501.333333333332,23807.0,2,13518.6725,32106.0,15286.345000000001,24926.0,10463.0,0.0,22472.0
20706.333333333332,20565.0,3,14228.666666666666,23378.0,15333.5,19958.0,12368.0,4818.0,18783.0
3536.3333333333335,5718.0,4,2895.25,3089.0,2596.5,3160.0,2419.0,1413.0,4360.0
3419.6666666666665,2383.0,5,2111.2900000000004,3557.0,2608.58,2871.0,1897.48,105.0,3831.0
1521.29,4846.91,6,2093.250833333333,1238.26,1533.085,1768.94,1698.19,1061.37,1556.67
1232.9999999999902,4184.0,7,2147.1666666666665,1530.0,1165.1666666666667,990.0,1442.0,1912.0,1179.0
130448.0,36294.0,8,81808.83333333333,68765.0,111598.0,8165.0,104506.0,135985.0,314414.0
136087.91333333333,30191.84,9,114216.51000000001,27497.2,85609.69500000002,24838.81,26758.38,24122.26,355927.73
2076.726666666667,70.72,10,560.4350000000001,6.36,1060.7583333333334,35.36,70.72,28.29,6188.46
504289.85833333334,20808.205,11,139308.57083333333,20535.605,260765.01249999998,18620.16,17341.935,15481.075,1473713.81
18741.346666666646,18887.0,12,9268.11083333334,49971.04,12644.221666666666,4404.0,7595.05,6348.0,1849.0
1874.0066666666662,2262.95,13,1290.5874999999999,1803.29,1567.5633333333333,1732.57,1393.23,671.81,2086.16
774.3333333333334,770.0,14,603.7275000000001,919.0,653.5,974.0,696.0,121.82,430.0
24299.666666666668,4283.0,15,12947.916666666666,33903.0,16758.5,5798.0,3663.0,21312.0,33198.0
17854.0,275.0,16,14997.330833333333,16152.0,8943.666666666666,2409.0,0.0,2716.78,35001.0
7108.666666666667,9178.0,0,4951.75,6910.0,6078.5,7747.0,6439.0,1934.0,6669.0
8005.666666666667,9202.0,1,7682.495,5099.0,8762.666666666666,7286.0,11090.0,6773.0,11632.0
26366.333333333332,23417.0,2,13610.6725,22472.0,19169.783333333336,32106.0,24926.0,1220.37,24521.0
21897.333333333332,22678.0,3,14299.75,18783.0,18263.333333333332,23378.0,19958.0,5952.0,23531.0
4135.0,5450.0,4,2854.0833333333335,4360.0,3252.8333333333335,3089.0,3160.0,1018.0,4956.0
4007.0,4637.0,5,2110.956666666667,3831.0,3350.58,3557.0,2871.0,181.0,4633.0
1568.4633333333334,3785.54,6,1936.9941666666666,1556.67,1544.8783333333333,1238.26,1768.94,1839.7,1910.46
1258.9999999999902,4060.0,7,1897.8333333333333,1179.0,1192.1666666666667,1530.0,990.0,906.0,1068.0
127930.66666666667,51686.0,8,77552.75,314414.0,94034.66666666667,68765.0,8165.0,105993.0,613.0
156768.69333333333,435901.71,9,85131.46333333333,355927.73,96072.56166666669,27497.2,24838.81,24103.95,86881.15
8603.92,42.43,10,2191.6441666666665,6188.46,4325.886666666666,6.36,35.36,26.17,19616.94
502207.59166666673,21328.335,11,138562.3229166667,1473713.81,260116.81166666668,20535.605,18620.16,16262.565,12373.36
24158.11666666665,15545.0,12,9693.886666666673,1849.0,15017.94,49971.04,4404.0,6412.0,20654.31
1850.4333333333332,1485.06,13,1305.32,2086.16,1638.28,1803.29,1732.57,1237.55,1661.85
756.0,920.0,14,603.6441666666667,430.0,771.6666666666666,919.0,974.0,210.0,919.0
26032.0,4266.0,15,13508.666666666666,33198.0,15154.333333333334,33903.0,5798.0,20620.0,10995.0
30816.333333333332,41296.0,16,14997.330833333333,35001.0,15809.666666666666,16152.0,2409.0,100.0,41296.0
5969.333333333333,5770.0,0,4831.666666666667,6669.0,6208.333333333333,6910.0,7747.0,3550.0,4329.0
8914.0,9337.0,1,7738.661666666667,11632.0,8818.5,5099.0,7286.0,9676.0,10011.0
23132.0,16271.0,2,14121.6725,24521.0,22815.166666666668,22472.0,32106.0,530.7,22403.0
20805.0,15768.0,3,14660.833333333334,23531.0,19686.5,18783.0,23378.0,11562.0,20101.0
4504.666666666667,3589.0,4,2904.8333333333335,4956.0,3697.0,4360.0,3089.0,1533.0,4198.0
3829.0,1769.0,5,2215.456666666667,4633.0,3302.08,3831.0,3557.0,3314.0,3023.0
2075.56,3750.16,6,1854.4433333333334,1910.46,1822.0116666666665,1556.67,1238.26,1096.75,2759.55
1208.9999999999902,3502.0,7,1721.0,1068.0,1264.8333333333333,1179.0,1530.0,944.0,1380.0
105755.33333333333,780.0,8,77674.33333333333,613.0,83117.0,314414.0,68765.0,67745.0,2239.0
190299.96333333335,145320.69,9,83695.65666666666,86881.15,108332.38000000002,355927.73,27497.2,54532.1,128091.01
15885.666666666666,32.18,10,4009.9291666666663,19616.94,7961.573333333334,6188.46,6.36,37.48,21851.6
499410.155,19669.645,11,137935.12708333335,12373.36,259121.36083333334,1473713.81,20535.605,18116.0,12143.295
8003.916666666647,237.0,12,9799.840000000006,20654.31,14330.306666666665,1849.0,49971.04,5634.24,1508.44
1930.883333333333,1378.98,13,1360.7916666666667,1661.85,1786.9566666666667,2086.16,1803.29,1152.58,2044.64
815.3333333333334,761.0,14,631.6441666666666,919.0,839.1666666666666,430.0,919.0,692.0,1097.0
21375.0,3593.0,15,14870.25,10995.0,17914.833333333332,33198.0,33903.0,3369.0,19932.0
39448.666666666664,42049.0,16,14997.330833333333,41296.0,22817.833333333332,35001.0,16152.0,0.0,42049.0
